received_date,serial_number,source,customer_email,category,title,message,agent_name,status
2025-07-05,30002,자율게시판,repeat1@example.com,상품문의,불량 의심,17:52 접수 불량 증상 문의 반다나_레드. 한 치수 교환 가능할까요? 주문번호 OD-TYVEO.,임세진,완료
2025-09-02,30002,챗봇문의,repeat2@example.com,배송문의,배송 상태 불만,앱 결제 건 포장 눌림 확인 반다나_레드. 색상 교환이 가능한지 알고 싶습니다.,이서연,진행중
2025-09-28,30002,전화상담,repeat3@example.com,기타문의,불편 개선 제안,웹 결제 건 사용자 경험 향상에 도움이 될 것 같습니다. 해당 주문. 처리 일정과 금액을 확인 부탁드립니다. 주문번호 OD-95G9F.,김민수,완료
2025-07-16,20002,1:1문의게시판,repeat4@example.com,상품문의,변심 반품 문의,19:40 접수 선물용이 맞지 않아 해당 주문. 내부 공유 부탁드립니다.,이서연,진행중
2025-07-01,10001,1:1문의게시판,repeat5@example.com,상품문의,실측/규격 확인,전화 접수 건 착용감이 타이트 해당 주문. 반품/교환 절차를 안내해 주세요. 주문번호 OD-SYS5B.,노유진,완료
2025-09-23,11100,SNS 상담,repeat6@example.com,배송문의,상자 파손 문의,재구매 건 택배 포장 문제 해당 주문. 출고 일정이 있다면 알려주세요.,윤도현,완료
2025-07-11,30002,SNS 상담,repeat7@example.com,상품문의,실측/규격 확인,18:49 접수 착용감이 타이트 반다나_레드(30002). 지연 사유와 대안 일정을 부탁드립니다.,서민지,완료
2025-09-22,30002,이메일상담,repeat8@example.com,배송문의,다른 상품 수령,14:20 접수 오배송 건 접수 반다나_레드. 한 치수 교환 가능할까요? 주문번호 OD-0ZJ80.,이서연,대기
2025-09-30,20003,이메일상담,repeat9@example.com,결제/환불문의,결제 오류,21:47 접수 간편결제 중단 카고팬츠_L(20003). 절차와 소요 기간을 안내해 주세요.,박지훈,진행중
2025-07-15,20003,이메일상담,repeat10@example.com,계정/서비스문의,접속 불편,재구매 건 알림 과다 수신 해당 주문. 지연 사유와 대안 일정을 부탁드립니다.,박지훈,완료
2025-07-10,11110,챗봇문의,repeat11@example.com,배송문의,배송 지연 문의,첫 구매 건 발송 여부 확인 필요 후드티_110. 내부 공유 부탁드립니다.,신예린,대기
2025-07-17,11110,SNS 상담,repeat12@example.com,계정/서비스문의,비밀번호/정보 수정,재구매 건 로그인 문제 발생 후드티_110. 무상 AS 가능 여부를 확인 부탁드립니다. 주문번호 OD-ACE51.,정예원,진행중
2025-08-02,30002,챗봇문의,repeat1@example.com,배송문의,배송 지연 문의,재구매 건 예상보다 배송이 늦어 반다나_레드. 주문 상태 확인이 필요합니다.,장하늘,완료
2025-07-10,20001,이메일상담,repeat2@example.com,기타문의,재고/입고 문의,19:44 접수 상세 스펙 확인 카고팬츠_s. 한 치수 교환 가능할까요?,김민수,대기
2025-09-28,30002,전화상담,repeat3@example.com,상품문의,불량 의심,9월 구매건 불량 증상 문의 반다나_레드. 환불 방식 변경이 가능할까요? 주문번호 OD-CKQ90.,장하늘,대기
2025-09-09,20003,이메일상담,repeat4@example.com,배송문의,배송 지연 문의,7월 구매건 배송 지연으로 문의 카고팬츠_L. 취소 및 정정 처리를 부탁드립니다. 주문번호 OD-Z6G49.,정예원,완료
2025-08-17,20003,이메일상담,repeat5@example.com,기타문의,서비스 건의,최근 주문 21 향후 반영 계획이 궁금합니다. 해당 주문. 택배 수거가 가능한지 궁금합니다.,문정연,대기
2025-08-22,11090,1:1문의게시판,repeat6@example.com,계정/서비스문의,회원 관련 문의,8월 구매건 비밀번호 재설정 실패 후드티_90. AS가 적절한지 판단 부탁드립니다.,오지민,완료
2025-07-31,20002,챗봇문의,repeat7@example.com,상품문의,사이즈 문의,9/2 주문 실측이 표기와 달라 해당 주문. 주문 내역 복구가 필요합니다. 주문번호 OD-MB4LB.,신예린,진행중
2025-07-23,20002,SNS 상담,repeat8@example.com,결제/환불문의,결제 수단 문의,재구매 건 결제 상태 모호 카고팬츠_m(20002). 검토해 주시면 감사하겠습니다.,신예린,완료
2025-07-02,11110,이메일상담,repeat9@example.com,배송문의,언제 받을까요,18:23 접수 예상보다 배송이 늦어 후드티_110(11110). 색상 교환이 가능한지 알고 싶습니다.,이서연,대기
2025-07-12,11090,1:1문의게시판,repeat10@example.com,배송문의,오배송 처리요청,7/9 주문 교환 필요한 오배송 후드티_90(11090). 초기불량 처리 가능 여부가 궁금합니다.,유지호,대기
2025-08-22,20002,챗봇문의,repeat11@example.com,상품문의,품질 이슈 문의,최근 주문 10 불량 증상 문의 해당 주문. 빠른 확인 요청드립니다.,정민호,진행중
2025-08-18,10001,SNS 상담,repeat12@example.com,기타문의,서비스 건의,13:08 접수 사용자 경험 향상에 도움이 될 것 같습니다. 스트라이프티셔츠_free(10001). 정상 범주인지 확인 바랍니다.,박지훈,진행중
2025-09-07,30001,이메일상담,repeat1@example.com,배송문의,오배송 처리요청,재구매 건 상품이 바뀌어 문의 반다나_블랙. 교환 시 배송비 기준을 알려주세요.,장하늘,대기
2025-08-26,11100,이메일상담,repeat2@example.com,기타문의,기타 의견,15:14 접수 건의사항 전달드립니다. 해당 주문. 반품 기준과 절차를 알려주세요.,신예린,대기
2025-07-13,10001,이메일상담,repeat3@example.com,기타문의,소재/세탁 문의,7/22 주문 재입고 일정 문의 해당 주문. 빠른 확인 요청드립니다.,오지민,완료
2025-09-17,20003,이메일상담,repeat4@example.com,상품문의,디자인 관련,9/19 주문 디자인 관련 문의 해당 주문. 동일 조건에서 웹/앱 차이가 있습니다. 주문번호 OD-5NRB5.,문정연,대기
2025-09-22,30001,챗봇문의,repeat5@example.com,배송문의,교환 요청,21:00 접수 주문과 다른 물건 수령 반다나_블랙. 지연 사유를 알려주세요.,박지훈,완료
2025-09-23,11090,SNS 상담,repeat6@example.com,기타문의,제품 정보 요청,7/28 주문 입고 계획 문의 후드티_90. 설정 방법을 알려주시면 감사하겠습니다.,최유진,완료
2025-09-20,20002,챗봇문의,repeat7@example.com,상품문의,품질 이슈 문의,8/6 주문 초기불량 의심 카고팬츠_m. 반품 기준과 절차를 알려주세요. 주문번호 OD-O6ZMS.,임세진,대기
2025-09-15,30001,SNS 상담,repeat8@example.com,배송문의,배송 상태 불만,16:09 접수 배송 상태가 좋지 않아 반다나_블랙. 주문 내역 복구가 필요합니다. 주문번호 OD-VABXA.,정민호,완료
2025-09-05,20001,자율게시판,repeat9@example.com,계정/서비스문의,회원 관련 문의,10:15 접수 회원정보 저장 실패 카고팬츠_s. 손세탁 가능 여부가 궁금합니다. 주문번호 OD-1TPMA.,한수진,진행중
2025-08-10,30001,챗봇문의,repeat10@example.com,기타문의,불편 개선 제안,08:01 접수 내부 공유 부탁드립니다. 반다나_블랙(30001). 보증기간도 함께 안내 부탁드립니다.,장하늘,대기
2025-07-31,20001,자율게시판,repeat11@example.com,배송문의,오배송 처리요청,15:02 접수 수령 상품이 다릅니다 해당 주문. 개선 가능 여부를 알려주세요. 주문번호 OD-9Q5Y7.,이서연,완료
2025-07-29,11110,1:1문의게시판,repeat12@example.com,상품문의,실측/규격 확인,재구매 건 사이즈가 안내와 달라 해당 주문. 내부 구성품 확인이 필요합니다. 주문번호 OD-B1KGQ.,문정연,완료
2025-09-04,11100,1:1문의게시판,repeat1@example.com,계정/서비스문의,계정/로그인 문제,최근 주문 5 로그인 문제 발생 후드티_100. 처리 일정과 금액을 확인 부탁드립니다. 주문번호 OD-GKVCD.,정예원,완료
2025-08-29,10001,자율게시판,repeat2@example.com,계정/서비스문의,계정/로그인 문제,8/2 주문 회원정보 저장 실패 스트라이프티셔츠_free. 사진 비교를 검토 부탁드립니다.,서민지,완료
2025-07-09,30001,자율게시판,repeat3@example.com,기타문의,불편 개선 제안,재구매 건 검토해 주시면 감사하겠습니다. 반다나_블랙(30001). 연락처 변경을 도와주세요.,배가은,진행중
2025-08-07,11090,SNS 상담,repeat4@example.com,기타문의,지퍼/수선 문의,9/25 주문 절차와 소요 기간을 안내해 주세요. 후드티_90(11090). 반품 가능 여부를 확인 부탁드립니다.,배가은,완료
2025-09-14,10001,SNS 상담,user40b631@mail.com,기타문의,지퍼/수선 문의,최근 주문 8 무상 AS 가능 여부를 확인 부탁드립니다. 스트라이프티셔츠_free. 색상별 입고 일정도 부탁드립니다. 주문번호 OD-67CAV.,노유진,완료
2025-08-11,10001,1:1문의게시판,user41x979@shopper.net,결제/환불문의,쿠폰 오류,8/27 주문 앱/웹 할인 불일치 스트라이프티셔츠_free. 초기불량 처리 가능 여부가 궁금합니다.,오지민,대기
2025-08-20,11100,챗봇문의,user42b682@mail.com,기타문의,제품 정보 요청,13:51 접수 재입고 일정 문의 해당 주문. 다른 사이즈 재고를 확인 부탁드립니다.,김민수,진행중
2025-09-13,30001,이메일상담,user43b669@example.com,기타문의,기타 의견,7/25 주문 사용자 경험 향상에 도움이 될 것 같습니다. 해당 주문. 교환 가능하면 진행하고 싶습니다. 주문번호 OD-J993I.,오지민,완료
2025-08-28,30001,1:1문의게시판,user44a663@example.com,배송문의,배송 상태 불만,08:30 접수 외관 손상 때문에 해당 주문. 손세탁 가능 여부가 궁금합니다. 주문번호 OD-ANJ76.,조은별,대기
2025-07-30,11100,챗봇문의,user45x354@customer.io,결제/환불문의,쿠폰 오류,재구매 건 할인 혜택 미적용 해당 주문. 결제 중 에러가 발생했습니다. 주문번호 OD-WK102.,김민수,완료
2025-08-23,11090,챗봇문의,user46z168@shopper.net,계정/서비스문의,회원 관련 문의,최근 주문 3 휴면 해제 후 문제 후드티_90(11090). 청구서와 안내가 달라 보입니다.,권민재,대기
2025-07-16,11100,1:1문의게시판,user47x410@shopper.net,계정/서비스문의,계정/로그인 문제,재구매 건 회원정보 저장 실패 후드티_100(11100). 건의사항 전달드립니다.,윤도현,대기
2025-09-05,30002,챗봇문의,user48x921@customer.io,기타문의,수선 가능 문의,재구매 건 접수 방법을 알려주세요. 반다나_레드(30002). 택배 수거가 가능한지 궁금합니다. 주문번호 OD-TJMPR.,정민호,완료
2025-08-02,20002,전화상담,user49z341@customer.io,상품문의,환불/반품 문의,재구매 건 마음이 바뀌어 반품 카고팬츠_m. 조건을 충족했는데 반영되지 않았습니다. 주문번호 OD-1RC3S.,정민호,완료
2025-07-20,11090,챗봇문의,user50z694@shopper.net,결제/환불문의,환불 진행 확인,재구매 건 입금 지연 확인 요청 후드티_90(11090). 환불 방식 변경이 가능할까요?,정민호,완료
2025-07-03,11110,챗봇문의,user51x292@example.com,배송문의,포장/파손 불만,7/13 주문 상자 파손으로 우려 후드티_110. 한 치수 교환 가능할까요?,최유진,진행중
2025-08-01,20001,1:1문의게시판,user52y319@example.com,계정/서비스문의,사용법 문의,재구매 건 앱 오류 반복 카고팬츠_s. 다른 사이즈 재고를 확인 부탁드립니다.,정민호,진행중
2025-07-24,11100,전화상담,user53b363@shopper.net,계정/서비스문의,계정/로그인 문제,재구매 건 계정 관련 문의 후드티_100(11100). 동일 조건에서 웹/앱 차이가 있습니다. 주문번호 OD-I57X3.,유지호,완료
2025-08-25,11110,챗봇문의,user54c568@customer.io,계정/서비스문의,접속 불편,8/28 주문 사용법 안내 필요 후드티_110. 교환 또는 재배송 절차를 안내해 주세요.,정예원,진행중
2025-09-18,10001,이메일상담,user55z683@shopper.net,계정/서비스문의,비밀번호/정보 수정,9/10 주문 로그인 문제 발생 스트라이프티셔츠_free. 연락처 변경을 도와주세요.,최유진,완료
2025-08-10,30001,SNS 상담,user56y213@example.com,상품문의,환불/반품 문의,재구매 건 미개봉 상태로 교환 반다나_블랙. 검토해 주시면 감사하겠습니다.,문정연,진행중
2025-07-24,11090,전화상담,user57c355@customer.io,배송문의,교환 요청,10:11 접수 상품이 바뀌어 문의 후드티_90. 연락처 변경을 도와주세요. 주문번호 OD-B7WDD.,장하늘,완료
2025-07-06,11090,이메일상담,user58y892@mail.com,기타문의,수선 가능 문의,재구매 건 절차와 소요 기간을 안내해 주세요. 후드티_90(11090). 다른 사이즈 재고를 확인 부탁드립니다. 주문번호 OD-LF102.,정민호,진행중
2025-08-30,30002,1:1문의게시판,user59b773@shopper.net,배송문의,배송 상태 불만,12:03 접수 포장 눌림 확인 반다나_레드(30002). 처리 일정과 금액을 확인 부탁드립니다. 주문번호 OD-L47NH.,한수진,대기
2025-07-22,10001,1:1문의게시판,user60c448@example.com,상품문의,색상/디자인 문의,최근 주문 7 색상 교환 문의 해당 주문. 사진을 첨부했습니다. 주문번호 OD-IBWIJ.,박지훈,대기
2025-08-06,20002,챗봇문의,user61b435@example.com,배송문의,다른 상품 수령,17:17 접수 수령 상품이 다릅니다 해당 주문. 결제 중 에러가 발생했습니다.,박지훈,진행중
2025-07-19,20001,1:1문의게시판,user62x898@customer.io,기타문의,지퍼/수선 문의,7/8 주문 사진을 첨부했습니다. 카고팬츠_s. 교환 또는 반품 안내 부탁드립니다.,조은별,완료
2025-07-26,10001,이메일상담,user63x941@shopper.net,기타문의,기타 의견,재구매 건 향후 반영 계획이 궁금합니다. 스트라이프티셔츠_free(10001). 출고 일정이 있다면 알려주세요.,최유진,대기
2025-07-18,11110,SNS 상담,user64y159@example.com,상품문의,품질 이슈 문의,재구매 건 불량 증상 문의 후드티_110. 설정 방법을 알려주시면 감사하겠습니다. 주문번호 OD-JLX9O.,이서연,대기
2025-07-03,10001,1:1문의게시판,user65x834@customer.io,결제/환불문의,환불 지연,9/27 주문 입금 지연 확인 요청 스트라이프티셔츠_free(10001). 주문 내역 복구가 필요합니다.,권민재,완료
2025-09-05,20003,이메일상담,user66y910@customer.io,결제/환불문의,할인 미적용,18:03 접수 쿠폰 사용 오류 카고팬츠_L(20003). 검토해 주시면 감사하겠습니다.,노유진,완료
2025-07-08,11090,자율게시판,user67z895@customer.io,계정/서비스문의,회원 관련 문의,17:09 접수 비밀번호 재설정 실패 후드티_90(11090). 교환 또는 반품 안내 부탁드립니다. 주문번호 OD-FKWBR.,권민재,완료
2025-07-07,30002,자율게시판,user68z791@mail.com,기타문의,기타 의견,8/24 주문 사용자 경험 향상에 도움이 될 것 같습니다. 반다나_레드(30002). 색상 교환이 가능한지 알고 싶습니다.,노유진,진행중
2025-09-01,10001,1:1문의게시판,user69x644@customer.io,상품문의,실측/규격 확인,재구매 건 규격 문의 해당 주문. 연락처 변경을 도와주세요. 주문번호 OD-R07RN.,임세진,완료
2025-07-17,11110,이메일상담,user70z964@mail.com,계정/서비스문의,회원 관련 문의,17:49 접수 비밀번호 재설정 실패 후드티_110(11110). 회수 후 재배송 부탁드립니다.,신예린,진행중
2025-07-21,30002,자율게시판,user71b286@mail.com,결제/환불문의,환불 진행 확인,재구매 건 환불 금액 검토 반다나_레드. 주문 상태 확인이 필요합니다.,정예원,진행중
2025-08-31,30001,전화상담,user72y347@shopper.net,결제/환불문의,프로모션 문의,8/1 주문 앱/웹 할인 불일치 반다나_블랙. 택배 수거가 가능한지 궁금합니다.,임세진,진행중
2025-07-08,10001,1:1문의게시판,user73z131@example.com,계정/서비스문의,앱/웹 오류,8/22 주문 접속 불편 지속 스트라이프티셔츠_free. 오류 코드 공유 가능합니다.,최유진,완료
2025-07-27,11090,1:1문의게시판,user74y139@customer.io,계정/서비스문의,비밀번호/정보 수정,재구매 건 비밀번호 재설정 실패 후드티_90(11090). 교환 또는 재배송 절차를 안내해 주세요.,권민재,진행중
2025-08-21,20002,전화상담,user75c379@customer.io,배송문의,언제 받을까요,9/15 주문 배송 지연으로 문의 카고팬츠_m. 교환 시 배송비 기준을 알려주세요.,권민재,대기
2025-09-26,20002,챗봇문의,user76c967@example.com,기타문의,지퍼/수선 문의,18:56 접수 왕복 배송비 기준이 궁금합니다. 해당 주문. 원인 확인과 재적용을 부탁드립니다.,서민지,완료
2025-07-19,20003,전화상담,user77y401@shopper.net,상품문의,변심 반품 문의,7/18 주문 변심으로 처리 요청 카고팬츠_L. AS가 적절한지 판단 부탁드립니다.,이서연,완료
2025-07-16,30001,1:1문의게시판,user78z767@mail.com,기타문의,재고/입고 문의,재구매 건 소재·세탁 정보 문의 반다나_블랙. 오류 코드 공유 가능합니다.,최유진,완료
2025-08-25,11090,챗봇문의,user79c411@mail.com,상품문의,변심 반품 문의,재구매 건 선물용이 맞지 않아 해당 주문. 환불로 진행하려 합니다.,정민호,완료
2025-08-16,20001,전화상담,user80z573@example.com,계정/서비스문의,비밀번호/정보 수정,21:04 접수 비밀번호 재설정 실패 해당 주문. 제품 손상 가능성이 있어 조치 부탁드립니다.,정예원,완료
2025-09-07,20001,챗봇문의,user81c546@example.com,계정/서비스문의,사용법 문의,12:54 접수 사용법 안내 필요 카고팬츠_s. 절차와 소요 기간을 안내해 주세요.,임세진,진행중
2025-08-29,20003,1:1문의게시판,user82x184@example.com,계정/서비스문의,앱/웹 오류,20:47 접수 접속 불편 지속 해당 주문. 왕복 배송비 기준이 궁금합니다. 주문번호 OD-HMMN2.,최유진,완료
2025-08-01,11110,1:1문의게시판,user83c291@mail.com,배송문의,포장/파손 불만,17:47 접수 포장 눌림 확인 후드티_110(11110). 재발 방지 방안도 알려주세요.,정예원,진행중
2025-08-13,20003,1:1문의게시판,user84y146@shopper.net,배송문의,상자 파손 문의,7/12 주문 배송 상태가 좋지 않아 카고팬츠_L(20003). 설정 방법을 알려주시면 감사하겠습니다.,신예린,완료
2025-09-11,20002,챗봇문의,user85x738@customer.io,결제/환불문의,환불 지연,16:01 접수 환불 진행 상태 문의 해당 주문. 주문 상태 확인이 필요합니다.,신예린,진행중
2025-07-26,30001,이메일상담,user86b869@shopper.net,기타문의,재고/입고 문의,10:02 접수 상세 스펙 확인 반다나_블랙. 향후 반영 계획이 궁금합니다.,조은별,진행중
2025-09-24,20003,자율게시판,user87y779@customer.io,결제/환불문의,환불 진행 확인,7/2 주문 환불 진행 상태 문의 카고팬츠_L(20003). 처리 일정과 금액을 확인 부탁드립니다. 주문번호 OD-TV46G.,오지민,대기
2025-09-16,11090,이메일상담,user88b847@customer.io,기타문의,수선 가능 문의,재구매 건 무상 AS 가능 여부를 확인 부탁드립니다. 해당 주문. 절차와 비용을 안내해 주세요.,장하늘,완료
2025-09-16,20002,챗봇문의,user89z962@customer.io,배송문의,오배송 처리요청,7/4 주문 오배송 건 접수 카고팬츠_m. 사진을 첨부했습니다.,최유진,완료
2025-07-26,20001,전화상담,user90z997@customer.io,계정/서비스문의,앱/웹 오류,10:45 접수 사용법 안내 필요 카고팬츠_s. 상세 스펙 문서를 받을 수 있을까요?,장하늘,진행중
2025-09-28,10001,1:1문의게시판,user91x243@customer.io,계정/서비스문의,비밀번호/정보 수정,21:54 접수 비밀번호 재설정 실패 스트라이프티셔츠_free(10001). 취소 및 정정 처리를 부탁드립니다.,한수진,완료
2025-07-20,11110,이메일상담,user92z848@customer.io,계정/서비스문의,앱/웹 오류,08:27 접수 알림 과다 수신 후드티_110. 오류 코드 공유 가능합니다. 주문번호 OD-PB9JQ.,문정연,진행중
2025-09-24,20003,이메일상담,user93y367@mail.com,상품문의,품질 이슈 문의,15:19 접수 품질 이슈 발견 해당 주문. 청구서와 안내가 달라 보입니다.,이서연,완료
2025-07-31,20002,1:1문의게시판,user94y429@customer.io,계정/서비스문의,계정/로그인 문제,재구매 건 휴면 해제 후 문제 해당 주문. 계정 보안 점검도 부탁드립니다.,윤도현,완료
2025-08-28,30001,자율게시판,user95a531@shopper.net,기타문의,불편 개선 제안,8/13 주문 검토해 주시면 감사하겠습니다. 반다나_블랙. 브라우저/앱 모두 동일합니다.,장하늘,진행중
2025-07-23,30001,챗봇문의,user96z292@shopper.net,기타문의,수선 가능 문의,09:52 접수 사진을 첨부했습니다. 반다나_블랙(30001). AS가 적절한지 판단 부탁드립니다.,한수진,진행중
2025-08-13,11110,자율게시판,user97x448@shopper.net,기타문의,수선 가능 문의,19:13 접수 절차와 소요 기간을 안내해 주세요. 해당 주문. 정확한 상품으로 다시 보내주세요. 주문번호 OD-XVT8W.,유지호,완료
2025-07-23,11100,이메일상담,user98b155@shopper.net,상품문의,불량 의심,재구매 건 품질 이슈 발견 해당 주문. 빠른 확인 요청드립니다. 주문번호 OD-1S1SC.,오지민,완료
2025-07-15,11100,1:1문의게시판,user99b110@shopper.net,결제/환불문의,쿠폰 오류,7/16 주문 쿠폰 적용 실패 후드티_100(11100). 상세 치수 재안내 바랍니다. 주문번호 OD-D7CSY.,김민수,완료
2025-09-24,20002,1:1문의게시판,user100c182@customer.io,결제/환불문의,환불 문의,14:53 접수 환불 진행 상태 문의 카고팬츠_m. 환불로 진행하려 합니다. 주문번호 OD-EGW47.,노유진,완료
2025-09-08,30001,챗봇문의,user101z559@customer.io,결제/환불문의,이중결제 의심,18:44 접수 결제 오류 확인 해당 주문. 사진 비교를 검토 부탁드립니다. 주문번호 OD-1Z6QD.,한수진,완료
2025-07-31,20002,전화상담,user102b641@example.com,배송문의,다른 상품 수령,7/23 주문 수령 상품이 다릅니다 해당 주문. 정상 범주인지 확인 바랍니다.,정예원,대기
2025-08-17,11090,챗봇문의,user103b920@mail.com,계정/서비스문의,계정/로그인 문제,8/10 주문 휴면 해제 후 문제 후드티_90. 내부 공유 부탁드립니다.,문정연,진행중
2025-07-02,30001,자율게시판,user104y213@example.com,결제/환불문의,환불 지연,15:34 접수 환불 진행 상태 문의 해당 주문. 설정 방법을 알려주시면 감사하겠습니다.,윤도현,대기
2025-09-30,11090,1:1문의게시판,user105c522@customer.io,상품문의,사이즈 교환 문의,08:08 접수 착용감이 타이트 해당 주문. 반품 기준과 절차를 알려주세요.,한수진,완료
2025-09-14,30002,1:1문의게시판,user106b482@customer.io,배송문의,교환 요청,20:58 접수 주문과 다른 물건 수령 해당 주문. 정보 변경이 반영되지 않습니다.,조은별,진행중
2025-08-13,11110,이메일상담,user107y119@mail.com,배송문의,포장/파손 불만,09:02 접수 외관 손상 때문에 해당 주문. 계정 보안 점검도 부탁드립니다.,서민지,진행중
2025-09-16,30002,전화상담,user108z768@example.com,상품문의,사이즈 문의,08:52 접수 규격 문의 반다나_레드(30002). 내부 구성품 확인이 필요합니다.,서민지,진행중
2025-07-10,20003,챗봇문의,user109y983@customer.io,배송문의,배송 상태 불만,12:40 접수 배송 상태가 좋지 않아 카고팬츠_L. 배송 현황이 멈춰 있어 확인 바랍니다.,조은별,완료
2025-08-19,10001,챗봇문의,user110c207@customer.io,배송문의,배송 상태 불만,최근 주문 4 배송 상태가 좋지 않아 스트라이프티셔츠_free(10001). 초기불량 처리 가능 여부가 궁금합니다. 주문번호 OD-ZKIKN.,장하늘,대기
2025-07-01,30001,1:1문의게시판,user111y578@customer.io,상품문의,하자 발생 문의,8/12 주문 하자 확인 요청 반다나_블랙. 청구서와 안내가 달라 보입니다. 주문번호 OD-APPOE.,문정연,완료
2025-07-29,20002,전화상담,user112b493@customer.io,계정/서비스문의,회원 관련 문의,9/17 주문 휴면 해제 후 문제 카고팬츠_m. 동일 조건에서 웹/앱 차이가 있습니다.,강태현,완료
2025-07-13,20003,챗봇문의,user113b436@example.com,계정/서비스문의,접속 불편,9/12 주문 사용법 안내 필요 카고팬츠_L(20003). 결제 중 에러가 발생했습니다. 주문번호 OD-T904M.,이서연,대기
2025-08-26,10001,이메일상담,user114z305@customer.io,상품문의,색상/디자인 문의,16:22 접수 사진 대비 색상 오차 스트라이프티셔츠_free(10001). 사진 비교를 검토 부탁드립니다.,이서연,완료
2025-07-12,11090,SNS 상담,user115b544@example.com,배송문의,도착 일정 문의,재구매 건 발송 여부 확인 필요 후드티_90. 반품 가능 여부를 확인 부탁드립니다.,유지호,완료
2025-08-30,30002,자율게시판,user116c830@shopper.net,계정/서비스문의,회원 관련 문의,12:05 접수 로그인 문제 발생 반다나_레드(30002). 내부 공유 부탁드립니다.,장하늘,완료
2025-07-05,11110,전화상담,user117c750@shopper.net,계정/서비스문의,접속 불편,7/17 주문 접속 불편 지속 해당 주문. 교환 가능하면 진행하고 싶습니다.,유지호,대기
2025-08-15,11090,전화상담,user118y128@example.com,배송문의,언제 받을까요,8/11 주문 수령일 안내 요청 후드티_90. 색상 교환이 가능한지 알고 싶습니다.,정예원,완료
2025-08-10,30001,SNS 상담,user119b926@mail.com,배송문의,다른 상품 수령,재구매 건 수령 상품이 다릅니다 반다나_블랙(30001). 정상 범주인지 확인 바랍니다.,최유진,완료
2025-09-26,30002,자율게시판,user120a526@mail.com,결제/환불문의,환불 지연,8/15 주문 환불 금액 검토 해당 주문. 교환 또는 반품 안내 부탁드립니다. 주문번호 OD-COUUN.,이서연,완료
2025-08-26,30002,1:1문의게시판,user121y585@mail.com,결제/환불문의,환불 진행 확인,7/15 주문 입금 지연 확인 요청 반다나_레드(30002). 다른 사이즈 재고를 확인 부탁드립니다.,서민지,완료
2025-09-08,30001,전화상담,user122x485@shopper.net,상품문의,디자인 관련,재구매 건 디자인 배치 차이 반다나_블랙. AS가 적절한지 판단 부탁드립니다. 주문번호 OD-AGLL6.,정예원,완료
2025-08-19,20002,SNS 상담,user123b265@example.com,계정/서비스문의,접속 불편,9/13 주문 앱 오류 반복 해당 주문. 교환 시 배송비 기준을 알려주세요.,정예원,진행중
2025-07-14,11090,1:1문의게시판,user124x395@mail.com,배송문의,교환 요청,재구매 건 오배송 건 접수 후드티_90(11090). 무상 AS 가능 여부를 확인 부탁드립니다. 주문번호 OD-JZLZJ.,유지호,진행중
2025-08-21,11100,이메일상담,user125z784@shopper.net,상품문의,디자인 관련,10:22 접수 색감이 상세와 달라 후드티_100(11100). 환불로 진행하려 합니다.,오지민,진행중
2025-07-11,11090,챗봇문의,user126a342@customer.io,배송문의,다른 상품 수령,9/26 주문 상품이 바뀌어 문의 후드티_90. 환불 방식 변경이 가능할까요?,정민호,완료
2025-07-09,20001,1:1문의게시판,user127y997@example.com,기타문의,재고/입고 문의,11:26 접수 재입고 일정 문의 카고팬츠_s. 정상 범주인지 확인 바랍니다.,노유진,대기
2025-09-25,20003,전화상담,user128x949@customer.io,계정/서비스문의,앱/웹 오류,20:05 접수 사용법 안내 필요 카고팬츠_L. 향후 반영 계획이 궁금합니다.,신예린,완료
2025-07-19,10001,SNS 상담,user129b809@shopper.net,배송문의,배송 지연 문의,7/24 주문 발송 여부 확인 필요 해당 주문. 상세 스펙 문서를 받을 수 있을까요?,서민지,완료
2025-08-28,10001,전화상담,user130b741@customer.io,기타문의,AS/보증 문의,11:50 접수 사진을 첨부했습니다. 스트라이프티셔츠_free(10001). 다른 사이즈 재고를 확인 부탁드립니다. 주문번호 OD-MSEBQ.,노유진,완료
2025-09-25,20002,이메일상담,user131z698@customer.io,상품문의,실측/규격 확인,08:26 접수 규격 문의 해당 주문. 교환 또는 재배송 절차를 안내해 주세요.,장하늘,완료
2025-07-27,30002,1:1문의게시판,user132c910@shopper.net,결제/환불문의,이중결제 의심,13:11 접수 결제 상태 모호 반다나_레드. 내부 구성품 확인이 필요합니다.,강태현,진행중
2025-08-12,11110,이메일상담,user133a948@mail.com,배송문의,배송 지연 문의,9/8 주문 도착 일정이 궁금하여 후드티_110(11110). 브라우저/앱 모두 동일합니다. 주문번호 OD-GPF8S.,장하늘,진행중
2025-09-18,20001,1:1문의게시판,user134a511@shopper.net,기타문의,제품 정보 요청,9/16 주문 제조국/보증 안내 요청 카고팬츠_s. 사용자 경험 향상에 도움이 될 것 같습니다.,박지훈,완료
2025-07-02,11100,전화상담,user135b328@example.com,결제/환불문의,프로모션 문의,10:33 접수 쿠폰 사용 오류 후드티_100(11100). 내역 검토 후 안내 부탁드립니다.,김민수,진행중
2025-07-02,30001,챗봇문의,user136x684@customer.io,상품문의,품질 이슈 문의,17:56 접수 불량 증상 문의 반다나_블랙(30001). 파손 정도 확인 후 대응 부탁드립니다.,김민수,진행중
2025-07-08,20001,이메일상담,user137c427@shopper.net,계정/서비스문의,회원 관련 문의,17:20 접수 회원정보 저장 실패 카고팬츠_s(20001). 상세 치수 재안내 바랍니다.,신예린,진행중
2025-07-25,10001,SNS 상담,user138y162@customer.io,기타문의,AS/보증 문의,21:11 접수 접수 방법을 알려주세요. 해당 주문. 빠른 확인 요청드립니다. 주문번호 OD-WP2XD.,한수진,완료
2025-07-14,10001,자율게시판,user139b832@customer.io,계정/서비스문의,계정/로그인 문제,12:52 접수 회원정보 저장 실패 스트라이프티셔츠_free(10001). 절차와 소요 기간을 안내해 주세요.,정민호,대기
2025-09-12,11100,전화상담,user140y157@shopper.net,배송문의,오배송 처리요청,18:15 접수 오배송 건 접수 후드티_100. 개선 가능 여부를 알려주세요.,노유진,진행중
2025-07-22,20001,챗봇문의,user141z499@shopper.net,기타문의,지퍼/수선 문의,9/22 주문 접수 방법을 알려주세요. 해당 주문. 사용자 경험 향상에 도움이 될 것 같습니다.,최유진,진행중
2025-09-20,30002,SNS 상담,user142y793@mail.com,계정/서비스문의,사용법 문의,재구매 건 페이지 로딩 지연 반다나_레드(30002). 결제 내역 확인 부탁드립니다.,한수진,완료
2025-08-23,11110,전화상담,user143c459@shopper.net,배송문의,오배송 처리요청,13:09 접수 주문과 다른 물건 수령 후드티_110. 파손 정도 확인 후 대응 부탁드립니다.,권민재,완료
2025-08-13,11100,1:1문의게시판,user144z353@shopper.net,기타문의,재고/입고 문의,09:43 접수 제조국/보증 안내 요청 후드티_100(11100). 절차와 소요 기간을 안내해 주세요.,배가은,진행중
2025-08-05,11090,전화상담,user145a819@mail.com,기타문의,기타 의견,재구매 건 건의사항 전달드립니다. 후드티_90. 지연 사유와 대안 일정을 부탁드립니다.,장하늘,대기
2025-08-04,20001,1:1문의게시판,user146b357@example.com,기타문의,제품 정보 요청,9/7 주문 재입고 일정 문의 카고팬츠_s(20001). 오류 코드 공유 가능합니다. 주문번호 OD-H93LP.,윤도현,진행중
2025-07-18,30002,1:1문의게시판,user147y302@customer.io,계정/서비스문의,회원 관련 문의,9/6 주문 회원정보 저장 실패 해당 주문. 사진 비교를 검토 부탁드립니다. 주문번호 OD-E4W2W.,배가은,대기
2025-07-25,11110,자율게시판,user148a520@shopper.net,결제/환불문의,프로모션 문의,재구매 건 쿠폰 사용 오류 후드티_110(11110). 교환 또는 점검이 필요합니다.,배가은,대기
2025-07-16,20001,1:1문의게시판,user149x180@shopper.net,상품문의,환불/반품 문의,20:33 접수 마음이 바뀌어 반품 카고팬츠_s(20001). 사후 적용이 가능한지 문의드립니다.,권민재,진행중
2025-08-03,20002,1:1문의게시판,user150b493@mail.com,결제/환불문의,결제 오류,재구매 건 간편결제 중단 카고팬츠_m. 접수 방법을 알려주세요.,임세진,대기
2025-08-16,20001,전화상담,user151x904@shopper.net,상품문의,사이즈 문의,8/25 주문 실측이 표기와 달라 해당 주문. 개선 가능 여부를 알려주세요.,임세진,완료
2025-07-10,11110,전화상담,user152c910@example.com,결제/환불문의,쿠폰 오류,13:56 접수 쿠폰 사용 오류 후드티_110(11110). 사용자 경험 향상에 도움이 될 것 같습니다. 주문번호 OD-1TEHQ.,정예원,대기
2025-09-17,20002,이메일상담,user153a619@customer.io,상품문의,사이즈 교환 문의,8/7 주문 치수 차이로 교환 카고팬츠_m. 반품 없이 교환 가능할까요?,유지호,진행중
2025-09-16,11090,1:1문의게시판,user154c653@customer.io,상품문의,실측/규격 확인,재구매 건 치수 차이로 교환 후드티_90. 사진 첨부했고 빠른 교환 요청드립니다.,강태현,대기
2025-08-24,20003,전화상담,user155z949@customer.io,배송문의,오배송 처리요청,16:10 접수 교환 필요한 오배송 해당 주문. 한 치수 교환 가능할까요?,박지훈,완료
2025-08-24,11100,챗봇문의,user156x138@shopper.net,상품문의,사이즈 문의,14:30 접수 실측이 표기와 달라 해당 주문. 접수 방법을 알려주세요. 주문번호 OD-CY2C5.,정민호,대기
2025-07-20,30001,1:1문의게시판,user157z882@example.com,기타문의,불편 개선 제안,16:32 접수 향후 반영 계획이 궁금합니다. 반다나_블랙. 사후 적용이 가능한지 문의드립니다.,조은별,진행중
2025-07-18,20002,전화상담,user158a489@example.com,계정/서비스문의,비밀번호/정보 수정,11:23 접수 계정 관련 문의 해당 주문. 상세 치수 재안내 바랍니다.,유지호,대기
2025-08-21,30002,챗봇문의,user159z884@customer.io,결제/환불문의,쿠폰 오류,18:20 접수 앱/웹 할인 불일치 반다나_레드. 교환 또는 반품 안내 부탁드립니다.,서민지,완료
2025-08-21,10001,자율게시판,user160c631@example.com,상품문의,교환 원합니다,7/3 주문 마음이 바뀌어 반품 스트라이프티셔츠_free. 출고 일정이 있다면 알려주세요.,서민지,완료
2025-09-26,20001,1:1문의게시판,user161y506@mail.com,기타문의,기타 의견,08:38 접수 내부 공유 부탁드립니다. 해당 주문. 사후 적용이 가능한지 문의드립니다.,한수진,완료
2025-08-14,30002,전화상담,user162x178@example.com,상품문의,교환 원합니다,재구매 건 스타일이 달라 환불 반다나_레드(30002). 출고 일정이 있다면 알려주세요. 주문번호 OD-8NMNR.,윤도현,진행중
2025-07-18,20003,자율게시판,user163x607@example.com,상품문의,품질 이슈 문의,11:02 접수 불량 증상 문의 해당 주문. 교환 시 배송비 기준을 알려주세요.,한수진,완료
2025-07-24,30001,챗봇문의,user164a746@customer.io,계정/서비스문의,비밀번호/정보 수정,9/11 주문 휴면 해제 후 문제 반다나_블랙(30001). 청구서와 안내가 달라 보입니다. 주문번호 OD-S7BM4.,이서연,진행중
2025-09-03,20002,SNS 상담,user165y430@shopper.net,결제/환불문의,결제 수단 문의,7/14 주문 결제 오류 확인 카고팬츠_m. 조건을 충족했는데 반영되지 않았습니다.,정예원,대기
2025-08-28,20001,이메일상담,user166y519@example.com,상품문의,하자 발생 문의,7/5 주문 하자 확인 요청 카고팬츠_s(20001). 반품 가능 여부를 확인 부탁드립니다.,이서연,대기
2025-08-11,11110,1:1문의게시판,user167z641@mail.com,계정/서비스문의,접속 불편,14:23 접수 알림 과다 수신 후드티_110(11110). 상세 치수 재안내 바랍니다.,문정연,대기
2025-08-18,30002,챗봇문의,user168z105@mail.com,기타문의,서비스 건의,재구매 건 내부 공유 부탁드립니다. 반다나_레드. 내부 공유 부탁드립니다.,최유진,완료
2025-08-03,30002,이메일상담,user169x708@customer.io,상품문의,환불/반품 문의,08:34 접수 마음이 바뀌어 반품 반다나_레드. 상세 치수 재안내 바랍니다. 주문번호 OD-5747J.,유지호,완료
2025-07-09,11100,1:1문의게시판,user170z124@shopper.net,계정/서비스문의,계정/로그인 문제,10:53 접수 휴면 해제 후 문제 후드티_100(11100). 사진 비교를 검토 부탁드립니다.,최유진,대기
2025-07-30,20001,챗봇문의,user171a176@mail.com,결제/환불문의,환불 지연,19:45 접수 환불 금액 검토 카고팬츠_s(20001). 사후 적용이 가능한지 문의드립니다. 주문번호 OD-13RL9.,윤도현,완료
2025-09-30,11090,챗봇문의,user172z677@example.com,기타문의,수선 가능 문의,20:14 접수 절차와 소요 기간을 안내해 주세요. 해당 주문. 사진 첨부했고 빠른 교환 요청드립니다. 주문번호 OD-LNLDD.,정민호,대기
2025-07-05,30002,이메일상담,user173z303@mail.com,상품문의,사이즈 교환 문의,13:26 접수 규격 문의 반다나_레드. 설정 방법을 알려주시면 감사하겠습니다.,노유진,완료
2025-08-28,11110,전화상담,user174x421@shopper.net,배송문의,배송 지연 문의,19:02 접수 발송 여부 확인 필요 해당 주문. 색상 교환이 가능한지 알고 싶습니다. 주문번호 OD-3HEO0.,권민재,완료
2025-09-17,20002,챗봇문의,user175c795@shopper.net,배송문의,상자 파손 문의,16:21 접수 외관 손상 때문에 해당 주문. 결제 중 에러가 발생했습니다. 주문번호 OD-F4HSP.,김민수,진행중
2025-09-03,11100,자율게시판,user176x128@example.com,상품문의,환불/반품 문의,20:29 접수 변심으로 처리 요청 후드티_100. 환불 방식 변경이 가능할까요?,권민재,진행중
2025-09-11,20001,1:1문의게시판,user177b967@mail.com,기타문의,수선 가능 문의,7/6 주문 절차와 소요 기간을 안내해 주세요. 카고팬츠_s. 내부 공유 부탁드립니다.,문정연,완료
2025-07-15,20002,챗봇문의,user178y627@example.com,계정/서비스문의,앱/웹 오류,7/7 주문 앱 오류 반복 카고팬츠_m. 내부 공유 부탁드립니다.,한수진,완료
2025-08-03,20003,1:1문의게시판,user179c126@mail.com,기타문의,기타 의견,19:56 접수 건의사항 전달드립니다. 해당 주문. 동일 조건에서 웹/앱 차이가 있습니다.,오지민,대기
2025-08-21,11110,자율게시판,user180a583@shopper.net,계정/서비스문의,사용법 문의,12:06 접수 알림 과다 수신 후드티_110(11110). 정확한 상품으로 다시 보내주세요.,김민수,대기
2025-07-20,20003,전화상담,user181x332@mail.com,배송문의,다른 상품 수령,재구매 건 주문과 다른 물건 수령 카고팬츠_L. 계정 보안 점검도 부탁드립니다. 주문번호 OD-4ENPQ.,강태현,대기
2025-07-07,30001,이메일상담,user182x268@customer.io,계정/서비스문의,앱/웹 오류,9/28 주문 앱 오류 반복 해당 주문. 언제 입금되는지 궁금합니다.,문정연,대기
2025-09-09,10001,전화상담,user183z581@shopper.net,결제/환불문의,결제 수단 문의,17:39 접수 결제 오류 확인 스트라이프티셔츠_free(10001). 원인 확인과 조치를 부탁드립니다.,박지훈,대기
2025-09-17,30001,이메일상담,user184b123@customer.io,상품문의,사이즈 문의,재구매 건 실측이 표기와 달라 반다나_블랙. 사진 첨부했고 빠른 교환 요청드립니다.,강태현,대기
2025-07-22,10001,이메일상담,user185y208@shopper.net,배송문의,배송 상태 불만,9/5 주문 배송 상태가 좋지 않아 스트라이프티셔츠_free. 지연 사유를 알려주세요.,장하늘,진행중
2025-09-30,20002,1:1문의게시판,user186y898@shopper.net,배송문의,언제 받을까요,최근 주문 6 도착 일정이 궁금하여 카고팬츠_m. 빠른 확인 요청드립니다.,유지호,대기
2025-09-12,11100,챗봇문의,user187c837@shopper.net,상품문의,색 차이 문의,재구매 건 색상 교환 문의 해당 주문. 정보 변경이 반영되지 않습니다.,김민수,진행중
2025-07-26,11110,SNS 상담,user188x839@shopper.net,상품문의,색 차이 문의,08:54 접수 색상 교환 문의 후드티_110. 원인 확인과 재적용을 부탁드립니다.,이서연,완료
2025-08-16,20002,전화상담,user189y256@customer.io,상품문의,품질 이슈 문의,8/20 주문 품질 이슈 발견 카고팬츠_m(20002). 재발 방지 방안도 알려주세요. 주문번호 OD-9XDB1.,최유진,완료
2025-09-11,10001,자율게시판,user190y771@example.com,배송문의,언제 받을까요,16:46 접수 수령일 안내 요청 스트라이프티셔츠_free(10001). 교환 또는 재배송 절차를 안내해 주세요. 주문번호 OD-EHGLC.,서민지,진행중
2025-09-08,11090,이메일상담,user191y453@shopper.net,기타문의,재고/입고 문의,재구매 건 제조국/보증 안내 요청 해당 주문. 빠른 확인 요청드립니다.,서민지,완료
2025-07-20,11100,챗봇문의,user192z570@customer.io,배송문의,상자 파손 문의,14:00 접수 상자 파손으로 우려 후드티_100. 처리 일정과 금액을 확인 부탁드립니다. 주문번호 OD-5VJZ3.,강태현,완료
2025-09-17,11100,챗봇문의,user193x782@shopper.net,배송문의,배송 상태 불만,19:47 접수 택배 포장 문제 후드티_100. 색상별 입고 일정도 부탁드립니다.,권민재,진행중
2025-07-24,20001,자율게시판,user194b580@shopper.net,상품문의,변심 반품 문의,19:32 접수 스타일이 달라 환불 해당 주문. 색상별 입고 일정도 부탁드립니다.,서민지,대기
2025-07-03,10001,1:1문의게시판,user195b160@shopper.net,배송문의,도착 일정 문의,8/4 주문 배송 지연으로 문의 스트라이프티셔츠_free(10001). 내역 검토 후 안내 부탁드립니다.,장하늘,대기
2025-08-29,11090,챗봇문의,user196y642@mail.com,상품문의,사이즈 교환 문의,9/4 주문 실측이 표기와 달라 해당 주문. 다른 사이즈 재고를 확인 부탁드립니다. 주문번호 OD-HZVM4.,김민수,대기
2025-07-13,11110,SNS 상담,user197c882@example.com,배송문의,상자 파손 문의,12:23 접수 외관 손상 때문에 후드티_110(11110). 반품/교환 절차를 안내해 주세요. 주문번호 OD-Z6VJM.,오지민,완료
2025-09-23,10001,자율게시판,user198x229@example.com,기타문의,불편 개선 제안,8/14 주문 내부 공유 부탁드립니다. 스트라이프티셔츠_free(10001). 사진과 함께 접수했습니다. 주문번호 OD-BJAYO.,정민호,진행중
2025-07-23,11110,SNS 상담,user199x154@example.com,배송문의,언제 받을까요,재구매 건 도착 일정이 궁금하여 후드티_110. 주문 내역 복구가 필요합니다.,조은별,완료
2025-09-13,10001,챗봇문의,user200x461@example.com,배송문의,상자 파손 문의,21:37 접수 상자 파손으로 우려 스트라이프티셔츠_free(10001). 정상 범주인지 확인 바랍니다. 주문번호 OD-HYHKG.,정예원,완료
2025-09-16,11090,전화상담,user201a410@example.com,배송문의,도착 일정 문의,10:10 접수 배송 지연으로 문의 후드티_90. 한 치수 교환 가능할까요?,이서연,완료
2025-08-10,20002,1:1문의게시판,user202y370@shopper.net,상품문의,품질 이슈 문의,17:30 접수 초기불량 의심 카고팬츠_m. 사진 비교를 검토 부탁드립니다.,김민수,완료
2025-07-19,11090,이메일상담,user203z494@mail.com,상품문의,변심 반품 문의,18:57 접수 마음이 바뀌어 반품 후드티_90. 상세 스펙 문서를 받을 수 있을까요? 주문번호 OD-MYF6I.,배가은,진행중
2025-07-01,11110,1:1문의게시판,user204x946@example.com,계정/서비스문의,사용법 문의,8/21 주문 앱 오류 반복 후드티_110. 회수 후 재배송 부탁드립니다.,박지훈,진행중
2025-08-06,11100,챗봇문의,user205y772@customer.io,계정/서비스문의,앱/웹 오류,14:59 접수 페이지 로딩 지연 후드티_100. 계정 보안 점검도 부탁드립니다.,배가은,진행중
2025-08-16,11110,전화상담,user206z208@customer.io,기타문의,AS/보증 문의,16:31 접수 접수 방법을 알려주세요. 후드티_110(11110). 택배 수거가 가능한지 궁금합니다.,한수진,대기
2025-08-18,30001,챗봇문의,user207y653@example.com,배송문의,도착 일정 문의,15:37 접수 배송 지연으로 문의 반다나_블랙(30001). 재결제 없이 해결될까요?,윤도현,진행중
2025-07-22,10001,전화상담,user208a294@shopper.net,기타문의,AS/보증 문의,18:40 접수 왕복 배송비 기준이 궁금합니다. 해당 주문. 현재 위치와 도착 예정일 안내 부탁드립니다. 주문번호 OD-F8ZJN.,정예원,완료
2025-09-12,10001,챗봇문의,user209c890@customer.io,배송문의,교환 요청,최근 주문 9 교환 필요한 오배송 해당 주문. 초기불량 처리 가능 여부가 궁금합니다.,강태현,완료
2025-07-29,11100,SNS 상담,user210z381@example.com,계정/서비스문의,계정/로그인 문제,14:04 접수 계정 관련 문의 후드티_100(11100). AS가 적절한지 판단 부탁드립니다.,강태현,진행중
2025-07-02,11090,전화상담,user211a119@customer.io,계정/서비스문의,앱/웹 오류,17:38 접수 사용법 안내 필요 해당 주문. 상세 스펙 문서를 받을 수 있을까요?,김민수,대기
2025-08-23,11090,이메일상담,user212x446@customer.io,기타문의,제품 정보 요청,19:53 접수 입고 계획 문의 후드티_90(11090). 상세 스펙 문서를 받을 수 있을까요? 주문번호 OD-8HYEF.,권민재,진행중
2025-09-06,11110,1:1문의게시판,user213x316@shopper.net,결제/환불문의,이중결제 의심,11:18 접수 이중결제 의심 해당 주문. 사진 첨부했고 빠른 교환 요청드립니다. 주문번호 OD-5OA4Y.,신예린,완료
2025-08-13,11100,챗봇문의,user214c198@customer.io,결제/환불문의,환불 지연,09:20 접수 환불 처리 일정 확인 후드티_100(11100). 언제 입금되는지 궁금합니다.,유지호,대기
2025-08-17,20003,1:1문의게시판,user215a505@shopper.net,기타문의,수선 가능 문의,12:14 접수 사진을 첨부했습니다. 카고팬츠_L(20003). 빠른 확인 부탁드립니다. 주문번호 OD-YF7M5.,한수진,대기
2025-09-07,20001,1:1문의게시판,user216x757@mail.com,상품문의,색상/디자인 문의,12:07 접수 디자인 관련 문의 카고팬츠_s(20001). 회수 후 재배송 부탁드립니다. 주문번호 OD-S3T34.,윤도현,진행중
2025-09-25,30001,이메일상담,user217a575@shopper.net,기타문의,소재/세탁 문의,9/1 주문 소재·세탁 정보 문의 반다나_블랙(30001). 재포장 교환 또는 보상 기준 안내 바랍니다.,정예원,대기
2025-07-14,20001,SNS 상담,user218b883@example.com,상품문의,변심 반품 문의,10:57 접수 변심으로 처리 요청 해당 주문. 결제 내역 확인 부탁드립니다.,이서연,진행중
2025-09-27,20002,전화상담,user219y444@shopper.net,결제/환불문의,결제 수단 문의,18:05 접수 결제 상태 모호 카고팬츠_m. 빠른 확인 요청드립니다.,문정연,완료
2025-09-07,11100,이메일상담,user220a674@example.com,배송문의,교환 요청,9/20 주문 교환 필요한 오배송 후드티_100(11100). 접수 방법을 알려주세요.,한수진,완료
2025-09-17,20001,이메일상담,user221b171@shopper.net,기타문의,수선 가능 문의,17:11 접수 접수 방법을 알려주세요. 해당 주문. 재발 방지 방안도 알려주세요.,배가은,완료
2025-09-26,11110,챗봇문의,user222c205@shopper.net,상품문의,환불/반품 문의,09:27 접수 변심으로 처리 요청 해당 주문. 동일 조건에서 웹/앱 차이가 있습니다.,유지호,완료
2025-09-09,11100,SNS 상담,user223c448@shopper.net,결제/환불문의,결제 수단 문의,15:05 접수 결제 상태 모호 해당 주문. 교환 또는 점검이 필요합니다.,박지훈,완료
2025-09-12,20001,챗봇문의,user224a833@mail.com,결제/환불문의,이중결제 의심,9/21 주문 무이자 청구 불일치 카고팬츠_s. 브라우저/앱 모두 동일합니다.,오지민,완료
2025-08-03,30001,1:1문의게시판,user225z720@customer.io,기타문의,불편 개선 제안,12:42 접수 사용자 경험 향상에 도움이 될 것 같습니다. 해당 주문. 다른 사이즈 재고를 확인 부탁드립니다.,정예원,완료
2025-07-23,30001,챗봇문의,user226y712@customer.io,결제/환불문의,쿠폰 오류,8/8 주문 앱/웹 할인 불일치 해당 주문. 제품 손상 가능성이 있어 조치 부탁드립니다.,김민수,진행중
2025-08-01,30001,챗봇문의,user227x213@example.com,기타문의,불편 개선 제안,08:29 접수 향후 반영 계획이 궁금합니다. 반다나_블랙. 회수 후 재배송 부탁드립니다.,조은별,완료
2025-08-01,11110,이메일상담,user228a510@customer.io,계정/서비스문의,회원 관련 문의,10:09 접수 로그인 문제 발생 후드티_110. 지연 사유를 알려주세요.,윤도현,완료
2025-08-19,11110,전화상담,user229y751@customer.io,배송문의,상자 파손 문의,재구매 건 외관 손상 때문에 후드티_110. 파손 정도 확인 후 대응 부탁드립니다. 주문번호 OD-UTSVG.,노유진,완료
2025-07-23,20003,1:1문의게시판,user230a702@customer.io,결제/환불문의,이중결제 의심,9/18 주문 이중결제 의심 카고팬츠_L. 교환 시 배송비 기준을 알려주세요. 주문번호 OD-7BB9O.,노유진,완료
2025-08-03,20001,이메일상담,user231c896@example.com,결제/환불문의,환불 지연,15:16 접수 입금 지연 확인 요청 해당 주문. 원인 확인과 재적용을 부탁드립니다.,이서연,완료
2025-09-09,20002,챗봇문의,user232a752@customer.io,결제/환불문의,할인 미적용,13:25 접수 프로모션 반영 안 됨 카고팬츠_m. 반품 없이 교환 가능할까요? 주문번호 OD-GMZ5N.,서민지,완료
2025-07-23,11100,이메일상담,user233z316@mail.com,계정/서비스문의,접속 불편,9/24 주문 사용법 안내 필요 후드티_100(11100). 원인 확인과 재적용을 부탁드립니다. 주문번호 OD-B9YEY.,김민수,대기
2025-07-21,20001,1:1문의게시판,user234y397@example.com,결제/환불문의,할인 미적용,11:17 접수 쿠폰 적용 실패 카고팬츠_s(20001). 결제 중 에러가 발생했습니다. 주문번호 OD-5YSJ5.,노유진,완료
2025-08-03,30001,1:1문의게시판,user235y928@example.com,기타문의,서비스 건의,8/19 주문 사용자 경험 향상에 도움이 될 것 같습니다. 반다나_블랙. 재발 방지 방안도 알려주세요.,조은별,완료
2025-07-25,20003,1:1문의게시판,user236x671@customer.io,기타문의,기타 의견,20:43 접수 내부 공유 부탁드립니다. 카고팬츠_L(20003). 지연 사유와 대안 일정을 부탁드립니다.,박지훈,완료
2025-08-05,11090,챗봇문의,user237z230@shopper.net,배송문의,오배송 처리요청,12:47 접수 상품이 바뀌어 문의 해당 주문. 제품 손상 가능성이 있어 조치 부탁드립니다. 주문번호 OD-78SA2.,정민호,진행중
2025-07-26,20002,이메일상담,user238x522@shopper.net,기타문의,소재/세탁 문의,16:55 접수 상세 스펙 확인 카고팬츠_m. 오류 코드 공유 가능합니다. 주문번호 OD-B7I1B.,조은별,완료
2025-08-31,20001,SNS 상담,user239c321@mail.com,결제/환불문의,결제 수단 문의,20:13 접수 무이자 청구 불일치 카고팬츠_s. 정상 범주인지 확인 바랍니다.,유지호,대기
2025-09-15,11110,자율게시판,user240a368@shopper.net,계정/서비스문의,사용법 문의,19:51 접수 알림 과다 수신 해당 주문. 지연 사유와 대안 일정을 부탁드립니다.,오지민,완료
2025-07-21,30002,전화상담,user241c585@mail.com,계정/서비스문의,회원 관련 문의,8/9 주문 로그인 문제 발생 반다나_레드(30002). 사진을 첨부했습니다. 주문번호 OD-MS3KL.,권민재,완료
2025-09-14,20003,전화상담,user242x463@shopper.net,결제/환불문의,결제 수단 문의,09:56 접수 이중결제 의심 해당 주문. 취소 및 정정 처리를 부탁드립니다. 주문번호 OD-0DYE9.,배가은,완료
2025-09-21,11100,SNS 상담,user243x224@mail.com,상품문의,교환 원합니다,14:11 접수 미개봉 상태로 교환 해당 주문. 내역 검토 후 안내 부탁드립니다.,장하늘,완료
2025-07-06,20001,SNS 상담,user244x876@mail.com,기타문의,기타 의견,16:16 접수 검토해 주시면 감사하겠습니다. 카고팬츠_s(20001). AS가 적절한지 판단 부탁드립니다. 주문번호 OD-IWSNG.,정민호,완료
2025-08-25,11100,챗봇문의,user245y233@shopper.net,결제/환불문의,환불 문의,18:53 접수 환불 처리 일정 확인 후드티_100. 색상 교환이 가능한지 알고 싶습니다.,박지훈,대기
2025-08-05,10001,전화상담,user246z696@customer.io,계정/서비스문의,앱/웹 오류,7/11 주문 페이지 로딩 지연 스트라이프티셔츠_free(10001). 정보 변경이 반영되지 않습니다. 주문번호 OD-T6OYG.,임세진,완료
2025-08-04,11110,이메일상담,user247b724@mail.com,기타문의,기타 의견,12:43 접수 향후 반영 계획이 궁금합니다. 해당 주문. 제품 손상 가능성이 있어 조치 부탁드립니다.,조은별,진행중
2025-08-03,20003,이메일상담,user248z762@mail.com,계정/서비스문의,사용법 문의,9/14 주문 페이지 로딩 지연 카고팬츠_L(20003). 택배 수거가 가능한지 궁금합니다.,배가은,대기
2025-07-25,30002,1:1문의게시판,user249c401@mail.com,배송문의,다른 상품 수령,18:21 접수 오배송 건 접수 해당 주문. 정상 범주인지 확인 바랍니다.,문정연,완료
2025-08-06,11090,챗봇문의,user250a764@customer.io,상품문의,교환 원합니다,16:14 접수 변심으로 처리 요청 후드티_90. 절차와 비용을 안내해 주세요. 주문번호 OD-8VQBR.,정민호,완료
2025-08-30,10001,전화상담,user251x999@shopper.net,배송문의,배송 지연 문의,08:07 접수 도착 일정이 궁금하여 해당 주문. 재발 방지 방안도 알려주세요. 주문번호 OD-WSREV.,권민재,완료
2025-08-07,11110,전화상담,user252x129@customer.io,상품문의,변심 반품 문의,13:59 접수 마음이 바뀌어 반품 후드티_110. 사용자 경험 향상에 도움이 될 것 같습니다.,한수진,완료
2025-08-26,20001,챗봇문의,user253z696@shopper.net,결제/환불문의,환불 문의,8/17 주문 환불 처리 일정 확인 카고팬츠_s. 교환 또는 재배송 절차를 안내해 주세요. 주문번호 OD-U944X.,배가은,진행중
2025-09-23,11100,SNS 상담,user254a387@mail.com,배송문의,다른 상품 수령,09:09 접수 수령 상품이 다릅니다 해당 주문. 사진을 첨부했습니다.,노유진,진행중
2025-08-14,20001,이메일상담,user255x378@mail.com,배송문의,다른 상품 수령,7/20 주문 교환 필요한 오배송 해당 주문. 빠른 확인 요청드립니다. 주문번호 OD-XUKN5.,노유진,진행중
2025-07-23,20001,전화상담,user256a522@example.com,계정/서비스문의,접속 불편,16:07 접수 페이지 로딩 지연 카고팬츠_s. 교환 또는 점검이 필요합니다.,배가은,완료
2025-08-01,20001,이메일상담,user257b840@mail.com,결제/환불문의,프로모션 문의,12:33 접수 앱/웹 할인 불일치 해당 주문. 왕복 배송비 기준이 궁금합니다. 주문번호 OD-4BMBP.,배가은,진행중
2025-07-17,30002,1:1문의게시판,user258b152@example.com,상품문의,색 차이 문의,18:10 접수 사진 대비 색상 오차 반다나_레드. 계정 보안 점검도 부탁드립니다.,김민수,진행중
2025-09-29,11100,챗봇문의,user259y478@mail.com,배송문의,배송 지연 문의,14:47 접수 수령일 안내 요청 후드티_100. 반품 가능 여부를 확인 부탁드립니다.,최유진,진행중
2025-09-20,30002,SNS 상담,user260b290@customer.io,계정/서비스문의,접속 불편,7/19 주문 알림 과다 수신 반다나_레드. 내부 공유 부탁드립니다.,한수진,진행중
2025-09-24,30002,이메일상담,user261c269@example.com,배송문의,교환 요청,18:24 접수 주문과 다른 물건 수령 반다나_레드(30002). 취소 및 정정 처리를 부탁드립니다.,이서연,진행중
2025-07-07,30002,자율게시판,user262x599@example.com,상품문의,디자인 관련,20:31 접수 디자인 배치 차이 반다나_레드. 파손 정도 확인 후 대응 부탁드립니다.,정민호,완료
2025-09-04,10001,챗봇문의,user263z581@customer.io,상품문의,불량 의심,17:50 접수 초기불량 의심 스트라이프티셔츠_free. 회수 후 재배송 부탁드립니다.,문정연,완료
2025-07-21,30001,챗봇문의,user264z999@customer.io,기타문의,불편 개선 제안,11:21 접수 사용자 경험 향상에 도움이 될 것 같습니다. 반다나_블랙(30001). 빠른 확인 부탁드립니다.,이서연,완료
2025-09-09,20002,SNS 상담,user265a694@mail.com,결제/환불문의,할인 미적용,10:56 접수 앱/웹 할인 불일치 해당 주문. 절차와 비용을 안내해 주세요.,유지호,대기
2025-09-24,20003,이메일상담,user266x878@example.com,상품문의,사이즈 문의,재구매 건 착용감이 타이트 카고팬츠_L. 설정 방법을 알려주시면 감사하겠습니다. 주문번호 OD-A3LOZ.,이서연,진행중
2025-07-01,11090,1:1문의게시판,user267z817@mail.com,기타문의,제품 정보 요청,14:32 접수 입고 계획 문의 후드티_90. 색상 교환이 가능한지 알고 싶습니다.,윤도현,진행중
2025-08-27,10001,SNS 상담,user268b332@shopper.net,계정/서비스문의,계정/로그인 문제,10:27 접수 회원정보 저장 실패 해당 주문. 청구서와 안내가 달라 보입니다.,정민호,완료
2025-09-01,30001,전화상담,user269x444@example.com,배송문의,포장/파손 불만,15:45 접수 포장 눌림 확인 해당 주문. 정확한 상품으로 다시 보내주세요.,노유진,대기
2025-08-21,20001,이메일상담,user270c801@customer.io,기타문의,제품 정보 요청,09:42 접수 소재·세탁 정보 문의 카고팬츠_s(20001). 반품 가능 여부를 확인 부탁드립니다. 주문번호 OD-O0YR7.,정예원,대기
2025-09-22,30001,자율게시판,user271a172@customer.io,기타문의,지퍼/수선 문의,10:41 접수 절차와 소요 기간을 안내해 주세요. 반다나_블랙. 동일 조건에서 웹/앱 차이가 있습니다. 주문번호 OD-02WIT.,김민수,완료
2025-08-19,30002,자율게시판,user272a144@example.com,기타문의,지퍼/수선 문의,08:25 접수 절차와 소요 기간을 안내해 주세요. 해당 주문. 출고 일정이 있다면 알려주세요. 주문번호 OD-UB8QD.,노유진,진행중
2025-09-18,11100,1:1문의게시판,user273a777@shopper.net,배송문의,도착 일정 문의,11:48 접수 배송 지연으로 문의 해당 주문. 원인 확인과 조치를 부탁드립니다.,정예원,진행중
2025-07-01,30001,1:1문의게시판,user274b282@mail.com,결제/환불문의,결제 오류,재구매 건 이중결제 의심 반다나_블랙. 색상 교환이 가능한지 알고 싶습니다.,이서연,완료
2025-09-03,20002,자율게시판,user275b568@mail.com,기타문의,지퍼/수선 문의,16:24 접수 왕복 배송비 기준이 궁금합니다. 카고팬츠_m(20002). 지연 사유와 대안 일정을 부탁드립니다. 주문번호 OD-7LIQB.,서민지,진행중
2025-08-16,11110,이메일상담,user276y867@example.com,결제/환불문의,쿠폰 오류,20:48 접수 할인 혜택 미적용 해당 주문. 조건을 충족했는데 반영되지 않았습니다.,서민지,완료
2025-08-05,11090,1:1문의게시판,user277c467@mail.com,결제/환불문의,환불 진행 확인,17:23 접수 입금 지연 확인 요청 후드티_90. 상세 치수 재안내 바랍니다.,문정연,진행중
2025-07-08,11100,1:1문의게시판,user278a442@mail.com,기타문의,소재/세탁 문의,15:52 접수 재입고 일정 문의 해당 주문. 브라우저/앱 모두 동일합니다.,정예원,완료
2025-08-10,30002,전화상담,user279x916@shopper.net,계정/서비스문의,비밀번호/정보 수정,13:50 접수 휴면 해제 후 문제 해당 주문. 주문 내역 복구가 필요합니다.,배가은,대기
2025-07-17,11110,이메일상담,user280a198@customer.io,기타문의,지퍼/수선 문의,17:01 접수 사진을 첨부했습니다. 해당 주문. 건의사항 전달드립니다.,김민수,완료
2025-08-09,20002,전화상담,user281z927@shopper.net,배송문의,포장/파손 불만,19:52 접수 택배 포장 문제 해당 주문. 접수 방법을 알려주세요.,박지훈,완료
2025-07-07,11090,챗봇문의,user282x724@mail.com,배송문의,포장/파손 불만,재구매 건 배송 상태가 좋지 않아 후드티_90. 청구서와 안내가 달라 보입니다.,신예린,완료
2025-08-01,30002,챗봇문의,user283a188@shopper.net,상품문의,변심 반품 문의,13:18 접수 미개봉 상태로 교환 반다나_레드. 현재 위치와 도착 예정일 안내 부탁드립니다.,강태현,대기
2025-08-14,10001,1:1문의게시판,user284b631@example.com,상품문의,품질 이슈 문의,19:48 접수 불량 증상 문의 스트라이프티셔츠_free. 재발 방지 방안도 알려주세요.,권민재,완료
2025-07-16,20002,전화상담,user285y252@shopper.net,상품문의,교환 원합니다,8/23 주문 선물용이 맞지 않아 카고팬츠_m(20002). 반품 없이 교환 가능할까요?,김민수,완료
2025-08-27,11110,1:1문의게시판,user286c418@mail.com,결제/환불문의,결제 수단 문의,19:31 접수 결제 상태 모호 해당 주문. 사진을 첨부했습니다.,서민지,대기
2025-09-28,30001,SNS 상담,user287a616@customer.io,결제/환불문의,이중결제 의심,13:58 접수 결제 오류 확인 반다나_블랙. 취소 및 정정 처리를 부탁드립니다.,문정연,대기
2025-09-03,11110,챗봇문의,user288a286@example.com,기타문의,지퍼/수선 문의,11:11 접수 사진을 첨부했습니다. 해당 주문. 다른 사이즈 재고를 확인 부탁드립니다.,박지훈,완료
2025-07-02,20003,챗봇문의,user289a545@customer.io,계정/서비스문의,앱/웹 오류,15:32 접수 앱 오류 반복 카고팬츠_L. 금주 수령 가능 여부가 궁금합니다.,정예원,완료
2025-07-06,30002,1:1문의게시판,user290b531@customer.io,상품문의,실측/규격 확인,8/26 주문 사이즈가 안내와 달라 해당 주문. 접수 방법을 알려주세요.,정예원,완료
2025-08-22,30002,전화상담,user291x534@example.com,상품문의,변심 반품 문의,9/9 주문 스타일이 달라 환불 해당 주문. 내부 구성품 확인이 필요합니다.,노유진,진행중
2025-07-31,11100,SNS 상담,user292b121@mail.com,결제/환불문의,환불 문의,12:45 접수 환불 금액 검토 후드티_100(11100). 내부 공유 부탁드립니다.,김민수,진행중
2025-08-13,30001,1:1문의게시판,user293c993@shopper.net,상품문의,불량 의심,08:43 접수 수령 직후 이상 해당 주문. 절차와 소요 기간을 안내해 주세요.,신예린,대기
2025-07-05,20002,챗봇문의,user294a126@customer.io,기타문의,지퍼/수선 문의,7/21 주문 무상 AS 가능 여부를 확인 부탁드립니다. 카고팬츠_m. 조건을 충족했는데 반영되지 않았습니다. 주문번호 OD-2TEG4.,장하늘,대기
2025-09-11,30002,SNS 상담,user295b654@customer.io,계정/서비스문의,사용법 문의,08:50 접수 접속 불편 지속 해당 주문. 상세 치수 재안내 바랍니다.,배가은,대기
2025-07-06,30002,이메일상담,user296c321@customer.io,상품문의,색상/디자인 문의,18:50 접수 색감이 상세와 달라 해당 주문. 재결제 없이 해결될까요?,유지호,대기
2025-09-02,11090,챗봇문의,user297b681@shopper.net,상품문의,색상/디자인 문의,09:31 접수 사진 대비 색상 오차 해당 주문. 반품 가능 여부를 확인 부탁드립니다.,정민호,진행중
2025-09-11,10001,1:1문의게시판,user298y331@mail.com,상품문의,색상/디자인 문의,08:20 접수 디자인 배치 차이 스트라이프티셔츠_free(10001). 원인 확인과 재적용을 부탁드립니다.,임세진,대기
2025-08-28,11090,전화상담,user299y224@customer.io,상품문의,하자 발생 문의,8/5 주문 수령 직후 이상 해당 주문. 정상 범주인지 확인 바랍니다.,노유진,진행중
2025-07-10,11090,이메일상담,user300c325@customer.io,기타문의,AS/보증 문의,7/26 주문 사진을 첨부했습니다. 후드티_90(11090). 빠른 확인 요청드립니다.,강태현,진행중
2025-07-16,11100,자율게시판,user301b298@example.com,기타문의,제품 정보 요청,19:37 접수 제조국/보증 안내 요청 후드티_100. 지연 사유를 알려주세요. 주문번호 OD-R3JJK.,서민지,완료
2025-07-15,11090,전화상담,user302z895@example.com,상품문의,실측/규격 확인,18:30 접수 규격 문의 후드티_90. 왕복 배송비 기준이 궁금합니다.,윤도현,진행중
2025-07-28,30002,자율게시판,user303x284@customer.io,결제/환불문의,환불 문의,16:48 접수 환불 금액 검토 해당 주문. 교환 또는 재배송 절차를 안내해 주세요.,조은별,대기
2025-09-18,30002,1:1문의게시판,user304a696@shopper.net,배송문의,다른 상품 수령,13:38 접수 수령 상품이 다릅니다 반다나_레드(30002). 설정 방법을 알려주시면 감사하겠습니다.,노유진,진행중
2025-07-23,11110,이메일상담,user305y209@mail.com,계정/서비스문의,비밀번호/정보 수정,18:07 접수 로그인 문제 발생 후드티_110. 사진 비교를 검토 부탁드립니다. 주문번호 OD-QACXI.,이서연,진행중
2025-08-08,20003,1:1문의게시판,user306a905@example.com,배송문의,배송 지연 문의,13:17 접수 수령일 안내 요청 해당 주문. 상세 치수 재안내 바랍니다.,정예원,진행중
2025-07-21,10001,챗봇문의,user307z665@mail.com,배송문의,언제 받을까요,10:59 접수 발송 여부 확인 필요 스트라이프티셔츠_free. 사진 비교를 검토 부탁드립니다. 주문번호 OD-B18CS.,유지호,완료
2025-09-25,30002,1:1문의게시판,user308z722@mail.com,기타문의,불편 개선 제안,7/1 주문 검토해 주시면 감사하겠습니다. 해당 주문. 현재 위치와 도착 예정일 안내 부탁드립니다.,최유진,완료
2025-07-07,20003,SNS 상담,user309c512@customer.io,기타문의,수선 가능 문의,21:19 접수 왕복 배송비 기준이 궁금합니다. 카고팬츠_L. 파손 정도 확인 후 대응 부탁드립니다.,유지호,대기
2025-07-14,20003,이메일상담,user310b357@mail.com,기타문의,수선 가능 문의,재구매 건 왕복 배송비 기준이 궁금합니다. 해당 주문. 주문 내역 복구가 필요합니다.,정예원,완료
2025-08-27,30002,이메일상담,user311x157@customer.io,결제/환불문의,결제 수단 문의,21:49 접수 이중결제 의심 반다나_레드. 검토해 주시면 감사하겠습니다.,한수진,진행중
2025-08-19,20003,이메일상담,user312z913@example.com,결제/환불문의,결제 오류,20:06 접수 간편결제 중단 카고팬츠_L. 색상별 입고 일정도 부탁드립니다.,문정연,대기
2025-09-12,11110,챗봇문의,user313z728@shopper.net,계정/서비스문의,계정/로그인 문제,12:26 접수 비밀번호 재설정 실패 해당 주문. 사진을 첨부했습니다. 주문번호 OD-BH6L1.,배가은,대기
2025-08-13,30002,챗봇문의,user314z844@customer.io,배송문의,다른 상품 수령,08:03 접수 주문과 다른 물건 수령 반다나_레드. 내부 구성품 확인이 필요합니다.,김민수,대기
2025-08-01,10001,자율게시판,user315b492@shopper.net,상품문의,색상/디자인 문의,14:38 접수 색감이 상세와 달라 스트라이프티셔츠_free. 주문 상태 확인이 필요합니다.,노유진,진행중
2025-08-23,20002,자율게시판,user316x165@customer.io,결제/환불문의,환불 문의,17:45 접수 환불 진행 상태 문의 카고팬츠_m(20002). 교환 또는 반품 안내 부탁드립니다.,김민수,완료
2025-08-28,20002,SNS 상담,user317x300@shopper.net,기타문의,AS/보증 문의,8/18 주문 접수 방법을 알려주세요. 해당 주문. 재포장 교환 또는 보상 기준 안내 바랍니다.,윤도현,완료
2025-09-26,11100,1:1문의게시판,user318b530@mail.com,결제/환불문의,쿠폰 오류,09:36 접수 할인 혜택 미적용 해당 주문. 반품 기준과 절차를 알려주세요. 주문번호 OD-4IKNX.,박지훈,완료
2025-09-28,20002,챗봇문의,user319z669@example.com,계정/서비스문의,계정/로그인 문제,16:08 접수 회원정보 저장 실패 해당 주문. 결제 중 에러가 발생했습니다.,유지호,완료
2025-07-31,30001,1:1문의게시판,user320x341@example.com,기타문의,불편 개선 제안,09:57 접수 향후 반영 계획이 궁금합니다. 해당 주문. 교환 시 배송비 기준을 알려주세요.,최유진,완료
2025-08-11,11110,SNS 상담,user321a728@customer.io,결제/환불문의,환불 지연,18:32 접수 환불 진행 상태 문의 후드티_110. 사진 첨부했고 빠른 교환 요청드립니다.,정예원,완료
2025-07-23,11100,SNS 상담,user322y691@example.com,계정/서비스문의,앱/웹 오류,19:55 접수 페이지 로딩 지연 후드티_100. 연락처 변경을 도와주세요.,배가은,대기
2025-07-17,11100,자율게시판,user323b696@mail.com,상품문의,교환 원합니다,9/3 주문 미개봉 상태로 교환 해당 주문. 현재 위치와 도착 예정일 안내 부탁드립니다. 주문번호 OD-7V40N.,신예린,완료
2025-07-25,30001,전화상담,user324x741@mail.com,기타문의,제품 정보 요청,19:00 접수 상세 스펙 확인 해당 주문. 교환 또는 점검이 필요합니다.,정예원,진행중
2025-07-09,20003,전화상담,user325y182@shopper.net,상품문의,색상/디자인 문의,12:08 접수 디자인 배치 차이 해당 주문. 사진 첨부했고 빠른 교환 요청드립니다.,권민재,진행중
2025-07-30,10001,이메일상담,user326a582@customer.io,상품문의,사이즈 문의,14:13 접수 규격 문의 스트라이프티셔츠_free(10001). 빠른 확인 요청드립니다.,최유진,대기
2025-07-02,20001,이메일상담,user327z615@mail.com,결제/환불문의,할인 미적용,08:46 접수 할인 혜택 미적용 해당 주문. 교환 시 배송비 기준을 알려주세요.,한수진,완료
2025-08-13,20003,자율게시판,user328x452@mail.com,기타문의,제품 정보 요청,재구매 건 재입고 일정 문의 해당 주문. 다른 사이즈 재고를 확인 부탁드립니다.,강태현,완료
2025-08-26,30001,이메일상담,user329b684@mail.com,기타문의,소재/세탁 문의,15:54 접수 상세 스펙 확인 해당 주문. 접수 방법을 알려주세요.,박지훈,완료
2025-08-20,11090,1:1문의게시판,user330c795@mail.com,상품문의,불량 의심,14:08 접수 수령 직후 이상 후드티_90(11090). 보증기간도 함께 안내 부탁드립니다. 주문번호 OD-PHGCE.,강태현,진행중
2025-07-12,11100,전화상담,user331c910@customer.io,결제/환불문의,프로모션 문의,19:15 접수 쿠폰 적용 실패 후드티_100. 검토해 주시면 감사하겠습니다. 주문번호 OD-ZOUJI.,박지훈,완료
2025-08-15,30001,챗봇문의,user332a555@customer.io,기타문의,지퍼/수선 문의,13:05 접수 절차와 소요 기간을 안내해 주세요. 반다나_블랙(30001). 손세탁 가능 여부가 궁금합니다.,신예린,완료
2025-08-24,11100,1:1문의게시판,user333b791@mail.com,기타문의,불편 개선 제안,21:13 접수 건의사항 전달드립니다. 후드티_100(11100). 반품/교환 절차를 안내해 주세요. 주문번호 OD-6C4HH.,오지민,진행중
2025-07-07,11100,챗봇문의,user334x669@mail.com,배송문의,포장/파손 불만,11:08 접수 상자 파손으로 우려 후드티_100. 절차와 비용을 안내해 주세요.,장하늘,진행중
2025-07-02,30001,전화상담,user335x193@shopper.net,기타문의,제품 정보 요청,17:16 접수 상세 스펙 확인 반다나_블랙(30001). 청구서와 안내가 달라 보입니다.,권민재,완료
2025-07-12,30002,1:1문의게시판,user336z194@shopper.net,결제/환불문의,프로모션 문의,재구매 건 프로모션 반영 안 됨 반다나_레드(30002). 빠른 확인 요청드립니다. 주문번호 OD-O1TAC.,이서연,완료
2025-09-06,11110,1:1문의게시판,user337b215@customer.io,계정/서비스문의,접속 불편,11:04 접수 접속 불편 지속 해당 주문. 지연 사유를 알려주세요.,한수진,완료
2025-09-10,20001,SNS 상담,user338y289@customer.io,결제/환불문의,결제 오류,15:25 접수 무이자 청구 불일치 카고팬츠_s(20001). 재포장 교환 또는 보상 기준 안내 바랍니다. 주문번호 OD-HCXY9.,정민호,진행중
2025-09-03,11100,SNS 상담,user339y396@mail.com,상품문의,실측/규격 확인,16:28 접수 실측이 표기와 달라 해당 주문. 반품/교환 절차를 안내해 주세요.,유지호,대기
2025-08-19,11100,SNS 상담,user340z917@mail.com,배송문의,오배송 처리요청,19:29 접수 상품이 바뀌어 문의 후드티_100(11100). 정보 변경이 반영되지 않습니다.,김민수,완료
2025-08-28,30001,챗봇문의,user341a982@mail.com,계정/서비스문의,비밀번호/정보 수정,10:06 접수 비밀번호 재설정 실패 반다나_블랙. 건의사항 전달드립니다. 주문번호 OD-582IE.,신예린,완료
2025-08-24,20002,이메일상담,user342z312@example.com,결제/환불문의,할인 미적용,18:58 접수 쿠폰 적용 실패 카고팬츠_m(20002). 주문 내역 복구가 필요합니다.,정예원,완료
2025-09-17,10001,전화상담,user343z984@mail.com,상품문의,불량 의심,20:02 접수 수령 직후 이상 스트라이프티셔츠_free. 색상 교환이 가능한지 알고 싶습니다.,이서연,완료
2025-07-14,11110,전화상담,user344y110@example.com,상품문의,변심 반품 문의,11:47 접수 선물용이 맞지 않아 후드티_110(11110). 교환 가능하면 진행하고 싶습니다.,김민수,완료
2025-07-06,30002,1:1문의게시판,user345b783@mail.com,계정/서비스문의,접속 불편,15:28 접수 앱 오류 반복 반다나_레드(30002). 회수 후 재배송 부탁드립니다.,권민재,대기
2025-08-23,20003,전화상담,user346z592@shopper.net,결제/환불문의,결제 오류,08:56 접수 이중결제 의심 해당 주문. 정보 변경이 반영되지 않습니다. 주문번호 OD-N55ST.,정예원,대기
2025-09-17,11100,챗봇문의,user347z582@mail.com,상품문의,품질 이슈 문의,16:19 접수 하자 확인 요청 해당 주문. 재현 방법을 안내드릴 수 있습니다.,정민호,진행중
2025-09-05,11100,1:1문의게시판,user348b433@example.com,기타문의,불편 개선 제안,11:12 접수 건의사항 전달드립니다. 후드티_100(11100). 향후 반영 계획이 궁금합니다.,조은별,완료
2025-08-22,20001,챗봇문의,user349x549@customer.io,상품문의,변심 반품 문의,16:25 접수 마음이 바뀌어 반품 카고팬츠_s(20001). 계정 보안 점검도 부탁드립니다. 주문번호 OD-FO35Z.,노유진,대기
2025-09-15,11090,SNS 상담,user350x602@customer.io,상품문의,색상/디자인 문의,09:15 접수 디자인 관련 문의 후드티_90(11090). 재현 방법을 안내드릴 수 있습니다.,정예원,진행중
2025-09-25,30002,자율게시판,user351x260@mail.com,배송문의,다른 상품 수령,18:19 접수 오배송 건 접수 해당 주문. 금주 수령 가능 여부가 궁금합니다.,김민수,완료
2025-09-12,30001,이메일상담,user352z661@shopper.net,상품문의,품질 이슈 문의,11:37 접수 초기불량 의심 반다나_블랙. 무상 AS 가능 여부를 확인 부탁드립니다.,조은별,진행중
2025-07-01,20002,자율게시판,user353y186@mail.com,계정/서비스문의,회원 관련 문의,18:51 접수 휴면 해제 후 문제 해당 주문. 환불로 진행하려 합니다. 주문번호 OD-AGVFP.,임세진,완료
2025-09-27,11090,이메일상담,user354y744@shopper.net,상품문의,교환 원합니다,재구매 건 변심으로 처리 요청 후드티_90. 정상 범주인지 확인 바랍니다. 주문번호 OD-8MWRH.,노유진,대기
2025-08-02,20002,자율게시판,user355x689@mail.com,결제/환불문의,프로모션 문의,13:00 접수 쿠폰 적용 실패 카고팬츠_m. 설정 방법을 알려주시면 감사하겠습니다.,임세진,대기
2025-08-17,11100,전화상담,user356c732@customer.io,기타문의,불편 개선 제안,18:33 접수 향후 반영 계획이 궁금합니다. 후드티_100. 상세 스펙 문서를 받을 수 있을까요?,유지호,진행중
2025-07-03,20003,챗봇문의,user357z559@customer.io,배송문의,언제 받을까요,09:28 접수 수령일 안내 요청 카고팬츠_L(20003). 배송 현황이 멈춰 있어 확인 바랍니다.,박지훈,완료
2025-09-26,20003,챗봇문의,user358c382@mail.com,상품문의,환불/반품 문의,12:25 접수 선물용이 맞지 않아 해당 주문. 언제 입금되는지 궁금합니다. 주문번호 OD-S4OP4.,신예린,완료
2025-09-03,20002,자율게시판,user359z407@mail.com,상품문의,교환 원합니다,11:09 접수 선물용이 맞지 않아 해당 주문. 사진과 함께 접수했습니다. 주문번호 OD-ZBSQU.,김민수,완료
2025-07-03,11090,전화상담,user360z104@customer.io,상품문의,하자 발생 문의,10:37 접수 수령 직후 이상 해당 주문. 다른 사이즈 재고를 확인 부탁드립니다.,정민호,완료
2025-09-16,11100,전화상담,user361c896@customer.io,배송문의,배송 지연 문의,14:43 접수 도착 일정이 궁금하여 후드티_100. 빠른 확인 부탁드립니다.,최유진,완료
2025-08-06,10001,전화상담,user362b188@mail.com,기타문의,서비스 건의,20:24 접수 검토해 주시면 감사하겠습니다. 스트라이프티셔츠_free(10001). 상세 스펙 문서를 받을 수 있을까요?,유지호,대기
2025-08-15,20003,챗봇문의,user363a768@customer.io,계정/서비스문의,사용법 문의,13:49 접수 접속 불편 지속 해당 주문. 건의사항 전달드립니다. 주문번호 OD-WQZXZ.,정민호,진행중
2025-08-24,30002,이메일상담,user364x498@mail.com,상품문의,색상/디자인 문의,13:37 접수 색감이 상세와 달라 반다나_레드. 반품 가능 여부를 확인 부탁드립니다.,장하늘,완료
2025-08-05,11090,이메일상담,user365y846@shopper.net,배송문의,포장/파손 불만,16:27 접수 외관 손상 때문에 후드티_90. 사진 첨부했고 빠른 교환 요청드립니다.,임세진,진행중
2025-07-18,20003,SNS 상담,user366a325@example.com,결제/환불문의,결제 수단 문의,10:38 접수 결제 상태 모호 카고팬츠_L. 교환 가능하면 진행하고 싶습니다. 주문번호 OD-QAR2E.,유지호,진행중
2025-09-07,11090,전화상담,user367x237@example.com,상품문의,색상/디자인 문의,8/16 주문 디자인 배치 차이 후드티_90. 사진 비교를 검토 부탁드립니다. 주문번호 OD-N8RIC.,문정연,진행중
2025-09-23,30002,이메일상담,user368y184@mail.com,계정/서비스문의,회원 관련 문의,11:31 접수 회원정보 저장 실패 해당 주문. 접수 방법을 알려주세요.,유지호,완료
2025-07-08,11090,전화상담,user369x547@example.com,계정/서비스문의,접속 불편,20:15 접수 알림 과다 수신 후드티_90. 반품/교환 절차를 안내해 주세요.,김민수,대기
2025-07-01,10001,1:1문의게시판,user370y118@shopper.net,배송문의,언제 받을까요,15:29 접수 예상보다 배송이 늦어 스트라이프티셔츠_free. 동일 조건에서 웹/앱 차이가 있습니다. 주문번호 OD-GQJJ8.,노유진,완료
2025-09-18,11110,SNS 상담,user371z617@example.com,결제/환불문의,환불 지연,16:29 접수 환불 관련 문의 후드티_110(11110). 설정 방법을 알려주시면 감사하겠습니다.,윤도현,진행중
2025-07-09,11110,챗봇문의,user372y851@mail.com,기타문의,수선 가능 문의,21:44 접수 접수 방법을 알려주세요. 후드티_110. 제품 손상 가능성이 있어 조치 부탁드립니다.,박지훈,대기
2025-07-05,30001,전화상담,user373a726@customer.io,배송문의,도착 일정 문의,13:19 접수 도착 일정이 궁금하여 반다나_블랙. AS가 적절한지 판단 부탁드립니다. 주문번호 OD-D5SH4.,김민수,완료
2025-07-16,11090,챗봇문의,user374b555@mail.com,계정/서비스문의,사용법 문의,13:43 접수 페이지 로딩 지연 후드티_90(11090). 브라우저/앱 모두 동일합니다.,정예원,진행중
2025-09-07,11100,이메일상담,user375y711@mail.com,결제/환불문의,프로모션 문의,15:51 접수 할인 혜택 미적용 해당 주문. 상세 치수 재안내 바랍니다.,장하늘,진행중
2025-08-30,11110,챗봇문의,user376z184@example.com,기타문의,제품 정보 요청,13:15 접수 제조국/보증 안내 요청 해당 주문. 재현 방법을 안내드릴 수 있습니다.,정민호,완료
2025-08-09,30002,1:1문의게시판,user377c571@shopper.net,기타문의,지퍼/수선 문의,09:23 접수 무상 AS 가능 여부를 확인 부탁드립니다. 해당 주문. 상세 스펙 문서를 받을 수 있을까요? 주문번호 OD-P4GWR.,권민재,완료
2025-07-26,11110,1:1문의게시판,user378b517@customer.io,결제/환불문의,환불 진행 확인,21:40 접수 환불 진행 상태 문의 후드티_110(11110). 정상 범주인지 확인 바랍니다. 주문번호 OD-KTBMC.,김민수,진행중
2025-08-11,11100,1:1문의게시판,user379z741@customer.io,결제/환불문의,환불 문의,11:07 접수 환불 처리 일정 확인 해당 주문. 금주 수령 가능 여부가 궁금합니다.,노유진,완료
2025-08-11,10001,챗봇문의,user380b953@mail.com,계정/서비스문의,회원 관련 문의,7/27 주문 계정 관련 문의 스트라이프티셔츠_free. 정확한 상품으로 다시 보내주세요.,유지호,진행중
2025-09-11,11090,챗봇문의,user381y370@shopper.net,결제/환불문의,할인 미적용,18:26 접수 할인 혜택 미적용 후드티_90. 처리 일정과 금액을 확인 부탁드립니다.,강태현,대기
2025-07-17,20001,전화상담,user382b683@mail.com,결제/환불문의,환불 진행 확인,16:05 접수 환불 금액 검토 카고팬츠_s. 보증기간도 함께 안내 부탁드립니다. 주문번호 OD-HL5HK.,정민호,완료
2025-07-21,20002,1:1문의게시판,user383z533@shopper.net,상품문의,환불/반품 문의,08:14 접수 미개봉 상태로 교환 카고팬츠_m(20002). 왕복 배송비 기준이 궁금합니다. 주문번호 OD-K3C1Z.,최유진,완료
2025-09-26,11090,이메일상담,user384c321@customer.io,상품문의,하자 발생 문의,재구매 건 하자 확인 요청 후드티_90. 금주 수령 가능 여부가 궁금합니다.,최유진,완료
2025-08-31,20003,1:1문의게시판,user385x164@example.com,상품문의,교환 원합니다,18:48 접수 선물용이 맞지 않아 해당 주문. 환불 방식 변경이 가능할까요?,정민호,진행중
2025-08-24,30002,SNS 상담,user386z111@mail.com,상품문의,색 차이 문의,20:19 접수 색상 교환 문의 해당 주문. 배송 현황이 멈춰 있어 확인 바랍니다.,한수진,진행중
2025-07-13,11100,1:1문의게시판,user387b995@shopper.net,상품문의,실측/규격 확인,11:55 접수 규격 문의 후드티_100. 내부 공유 부탁드립니다. 주문번호 OD-K8221.,노유진,완료
2025-08-23,11110,SNS 상담,user388x778@mail.com,상품문의,불량 의심,11:54 접수 초기불량 의심 후드티_110. 내부 공유 부탁드립니다.,문정연,완료
2025-08-30,30001,이메일상담,user389c129@shopper.net,상품문의,변심 반품 문의,13:57 접수 마음이 바뀌어 반품 반다나_블랙(30001). 사진 첨부했고 빠른 교환 요청드립니다.,문정연,완료
2025-07-31,11090,1:1문의게시판,user390y216@customer.io,결제/환불문의,환불 지연,14:37 접수 환불 진행 상태 문의 후드티_90(11090). 지연 사유를 알려주세요.,배가은,대기
2025-07-19,10001,이메일상담,user391c329@shopper.net,배송문의,포장/파손 불만,재구매 건 포장 눌림 확인 스트라이프티셔츠_free. 건의사항 전달드립니다.,문정연,완료
2025-08-12,10001,전화상담,user392x320@mail.com,결제/환불문의,결제 수단 문의,19:35 접수 간편결제 중단 스트라이프티셔츠_free. 계정 보안 점검도 부탁드립니다.,김민수,대기
2025-08-08,11110,이메일상담,user393a409@customer.io,상품문의,사이즈 문의,17:36 접수 규격 문의 후드티_110. 상세 스펙 문서를 받을 수 있을까요? 주문번호 OD-PG3DH.,문정연,완료
2025-07-12,20003,1:1문의게시판,user394c480@shopper.net,배송문의,도착 일정 문의,13:29 접수 도착 일정이 궁금하여 해당 주문. 사진 첨부했고 빠른 교환 요청드립니다. 주문번호 OD-888JE.,서민지,완료
2025-08-29,11090,전화상담,user395z540@example.com,배송문의,언제 받을까요,18:12 접수 예상보다 배송이 늦어 후드티_90(11090). 검토해 주시면 감사하겠습니다.,최유진,완료
2025-09-08,20001,이메일상담,user396a398@customer.io,상품문의,색상/디자인 문의,16:51 접수 디자인 관련 문의 해당 주문. 재결제 없이 해결될까요?,윤도현,완료
2025-09-16,20001,이메일상담,user397z231@mail.com,기타문의,AS/보증 문의,16:43 접수 무상 AS 가능 여부를 확인 부탁드립니다. 카고팬츠_s. 반품/교환 절차를 안내해 주세요.,배가은,진행중
2025-07-27,30002,자율게시판,user398y155@customer.io,계정/서비스문의,앱/웹 오류,09:19 접수 앱 오류 반복 해당 주문. 원인 확인과 조치를 부탁드립니다. 주문번호 OD-PL88S.,문정연,대기
2025-09-27,10001,이메일상담,user399a165@example.com,계정/서비스문의,회원 관련 문의,15:13 접수 비밀번호 재설정 실패 해당 주문. 회수 후 재배송 부탁드립니다.,권민재,진행중
2025-09-07,20001,전화상담,user400a730@shopper.net,기타문의,소재/세탁 문의,14:27 접수 재입고 일정 문의 카고팬츠_s(20001). 무상 AS 가능 여부를 확인 부탁드립니다.,서민지,대기
2025-08-17,10001,SNS 상담,user401b643@customer.io,상품문의,디자인 관련,7/10 주문 색감이 상세와 달라 스트라이프티셔츠_free(10001). 사진과 함께 접수했습니다. 주문번호 OD-RTUS7.,최유진,진행중
2025-09-19,20002,SNS 상담,user402x566@customer.io,상품문의,환불/반품 문의,09:25 접수 선물용이 맞지 않아 해당 주문. 취소 및 정정 처리를 부탁드립니다.,박지훈,진행중
2025-07-27,11090,챗봇문의,user403c448@example.com,배송문의,다른 상품 수령,09:53 접수 수령 상품이 다릅니다 후드티_90(11090). 교환 또는 반품 안내 부탁드립니다.,신예린,완료
2025-09-30,20003,SNS 상담,user404z125@customer.io,계정/서비스문의,계정/로그인 문제,10:01 접수 비밀번호 재설정 실패 해당 주문. 택배 수거가 가능한지 궁금합니다.,김민수,진행중
2025-07-05,20001,이메일상담,user405y267@shopper.net,결제/환불문의,할인 미적용,20:52 접수 쿠폰 사용 오류 해당 주문. 보증기간도 함께 안내 부탁드립니다.,정민호,완료
2025-09-18,20003,1:1문의게시판,user406z153@shopper.net,상품문의,색 차이 문의,20:37 접수 디자인 관련 문의 카고팬츠_L(20003). 반품 가능 여부를 확인 부탁드립니다.,권민재,완료
2025-07-04,11100,자율게시판,user407x888@mail.com,기타문의,소재/세탁 문의,17:44 접수 입고 계획 문의 후드티_100(11100). 사진과 함께 접수했습니다.,강태현,진행중
2025-07-21,10001,이메일상담,user408a470@example.com,기타문의,지퍼/수선 문의,14:42 접수 사진을 첨부했습니다. 스트라이프티셔츠_free. 출고 일정이 있다면 알려주세요.,박지훈,대기
2025-09-27,11090,이메일상담,user409z889@example.com,계정/서비스문의,비밀번호/정보 수정,9/23 주문 회원정보 저장 실패 후드티_90(11090). 환불 방식 변경이 가능할까요?,신예린,대기
2025-07-25,11090,챗봇문의,user410c681@customer.io,상품문의,하자 발생 문의,13:24 접수 초기불량 의심 후드티_90. 절차와 비용을 안내해 주세요.,정민호,대기
2025-08-14,11100,이메일상담,user411a202@mail.com,결제/환불문의,환불 문의,15:10 접수 환불 처리 일정 확인 후드티_100(11100). 배송 현황이 멈춰 있어 확인 바랍니다.,오지민,진행중
2025-08-07,11100,전화상담,user412z268@example.com,상품문의,디자인 관련,18:34 접수 색상 교환 문의 해당 주문. 반품 가능 여부를 확인 부탁드립니다.,노유진,대기
2025-08-21,30002,SNS 상담,user413b582@customer.io,배송문의,포장/파손 불만,16:38 접수 상자 파손으로 우려 반다나_레드. 반품/교환 절차를 안내해 주세요.,유지호,대기
2025-07-29,20001,챗봇문의,user414a306@mail.com,상품문의,변심 반품 문의,08:40 접수 스타일이 달라 환불 해당 주문. 왕복 배송비 기준이 궁금합니다.,배가은,대기
2025-09-21,30001,1:1문의게시판,user415b753@customer.io,배송문의,언제 받을까요,11:25 접수 도착 일정이 궁금하여 반다나_블랙(30001). 주문 상태 확인이 필요합니다. 주문번호 OD-06VAA.,김민수,완료
2025-09-17,11110,이메일상담,user416a859@mail.com,배송문의,교환 요청,18:25 접수 오배송 건 접수 해당 주문. 사후 적용이 가능한지 문의드립니다. 주문번호 OD-TJ6L5.,신예린,완료
2025-08-23,11090,자율게시판,user417x141@example.com,배송문의,배송 지연 문의,15:36 접수 배송 지연으로 문의 후드티_90. 정보 변경이 반영되지 않습니다. 주문번호 OD-PQM4L.,노유진,완료
2025-09-26,30002,챗봇문의,user418x476@shopper.net,상품문의,품질 이슈 문의,08:21 접수 초기불량 의심 해당 주문. 한 치수 교환 가능할까요? 주문번호 OD-5RR8S.,장하늘,진행중
2025-07-16,30001,챗봇문의,user419x691@customer.io,상품문의,변심 반품 문의,21:23 접수 스타일이 달라 환불 반다나_블랙(30001). 손세탁 가능 여부가 궁금합니다.,이서연,완료
2025-09-16,20002,챗봇문의,user420y586@customer.io,상품문의,사이즈 문의,12:27 접수 사이즈가 안내와 달라 카고팬츠_m(20002). 정보 변경이 반영되지 않습니다.,김민수,진행중
2025-08-10,30001,이메일상담,user421x820@shopper.net,상품문의,사이즈 교환 문의,09:51 접수 규격 문의 반다나_블랙(30001). 재발 방지 방안도 알려주세요. 주문번호 OD-TLZS5.,한수진,완료
2025-08-25,10001,1:1문의게시판,user422z374@example.com,배송문의,도착 일정 문의,21:27 접수 예상보다 배송이 늦어 해당 주문. 반품 가능 여부를 확인 부탁드립니다.,장하늘,완료
2025-09-14,11100,챗봇문의,user423c392@example.com,상품문의,교환 원합니다,10:40 접수 변심으로 처리 요청 후드티_100. 개선 가능 여부를 알려주세요. 주문번호 OD-RAQY0.,노유진,진행중
2025-09-08,11110,SNS 상담,user424b990@shopper.net,계정/서비스문의,접속 불편,18:47 접수 접속 불편 지속 해당 주문. 내역 검토 후 안내 부탁드립니다.,권민재,완료
2025-09-04,11100,챗봇문의,user425y396@mail.com,상품문의,디자인 관련,21:30 접수 색상 교환 문의 후드티_100(11100). 교환 가능하면 진행하고 싶습니다. 주문번호 OD-ZS3EG.,문정연,완료
2025-09-24,11100,챗봇문의,user426z353@example.com,기타문의,AS/보증 문의,16:42 접수 접수 방법을 알려주세요. 후드티_100. 사진을 첨부했습니다.,장하늘,진행중
2025-08-25,11100,전화상담,user427z264@mail.com,기타문의,AS/보증 문의,14:16 접수 왕복 배송비 기준이 궁금합니다. 후드티_100. 절차와 소요 기간을 안내해 주세요.,강태현,진행중
2025-08-09,30002,챗봇문의,user428z121@shopper.net,상품문의,디자인 관련,19:24 접수 색상 교환 문의 반다나_레드(30002). 빠른 확인 요청드립니다. 주문번호 OD-71BRM.,권민재,대기
2025-07-09,20003,이메일상담,user429y907@example.com,결제/환불문의,쿠폰 오류,20:32 접수 쿠폰 적용 실패 해당 주문. 반품 가능 여부를 확인 부탁드립니다. 주문번호 OD-L8O4E.,유지호,완료
2025-09-26,11110,이메일상담,user430a296@example.com,계정/서비스문의,사용법 문의,16:15 접수 사용법 안내 필요 후드티_110(11110). 원인 확인과 재적용을 부탁드립니다.,한수진,진행중
2025-08-16,30001,이메일상담,user431c634@customer.io,결제/환불문의,환불 문의,10:29 접수 입금 지연 확인 요청 반다나_블랙. 반품/교환 절차를 안내해 주세요.,박지훈,진행중
2025-07-21,30002,챗봇문의,user432x583@mail.com,계정/서비스문의,접속 불편,10:00 접수 알림 과다 수신 반다나_레드. 환불로 진행하려 합니다.,배가은,대기
2025-07-08,11110,1:1문의게시판,user433a534@shopper.net,배송문의,언제 받을까요,21:58 접수 배송 지연으로 문의 후드티_110(11110). 반품 가능 여부를 확인 부탁드립니다.,박지훈,진행중
2025-09-08,11100,전화상담,user434b203@example.com,상품문의,불량 의심,10:46 접수 초기불량 의심 후드티_100. 청구서와 안내가 달라 보입니다.,서민지,완료
2025-08-03,20001,SNS 상담,user435b573@example.com,기타문의,소재/세탁 문의,14:15 접수 상세 스펙 확인 해당 주문. AS가 적절한지 판단 부탁드립니다.,한수진,완료
2025-08-25,30001,챗봇문의,user436a747@mail.com,계정/서비스문의,회원 관련 문의,15:40 접수 회원정보 저장 실패 반다나_블랙. 무상 AS 가능 여부를 확인 부탁드립니다. 주문번호 OD-NMNTD.,문정연,완료
2025-07-12,30002,자율게시판,user437a270@shopper.net,결제/환불문의,결제 수단 문의,13:21 접수 이중결제 의심 해당 주문. 무상 AS 가능 여부를 확인 부탁드립니다.,박지훈,진행중
2025-07-19,30002,챗봇문의,user438a598@customer.io,계정/서비스문의,계정/로그인 문제,19:39 접수 로그인 문제 발생 반다나_레드. 사진 첨부했고 빠른 교환 요청드립니다.,임세진,진행중
2025-09-09,30001,전화상담,user439a135@customer.io,기타문의,불편 개선 제안,09:35 접수 검토해 주시면 감사하겠습니다. 반다나_블랙(30001). 출고 일정이 있다면 알려주세요.,한수진,대기
2025-07-04,11090,전화상담,user440c775@shopper.net,상품문의,불량 의심,12:41 접수 품질 이슈 발견 해당 주문. 정상 범주인지 확인 바랍니다.,문정연,대기
2025-08-31,11090,이메일상담,user441c278@example.com,기타문의,AS/보증 문의,15:41 접수 사진을 첨부했습니다. 해당 주문. 빠른 확인 부탁드립니다.,문정연,대기
2025-07-22,10001,이메일상담,user442y639@example.com,배송문의,상자 파손 문의,10:44 접수 택배 포장 문제 해당 주문. 무상 AS 가능 여부를 확인 부탁드립니다.,권민재,완료
2025-07-01,10001,1:1문의게시판,user443z679@mail.com,계정/서비스문의,사용법 문의,14:56 접수 사용법 안내 필요 스트라이프티셔츠_free. 보증기간도 함께 안내 부탁드립니다.,윤도현,진행중
2025-09-07,20001,챗봇문의,user444x740@customer.io,기타문의,불편 개선 제안,08:58 접수 사용자 경험 향상에 도움이 될 것 같습니다. 카고팬츠_s. 설정 방법을 알려주시면 감사하겠습니다.,윤도현,완료
2025-09-20,20002,챗봇문의,user445y985@mail.com,상품문의,색상/디자인 문의,17:12 접수 색감이 상세와 달라 해당 주문. 재포장 교환 또는 보상 기준 안내 바랍니다.,한수진,대기
2025-07-17,11100,SNS 상담,user446b949@shopper.net,배송문의,포장/파손 불만,18:11 접수 포장 눌림 확인 후드티_100. 빠른 확인 요청드립니다.,신예린,완료
2025-09-16,11090,전화상담,user447x385@mail.com,배송문의,상자 파손 문의,19:10 접수 상자 파손으로 우려 해당 주문. 색상별 입고 일정도 부탁드립니다.,배가은,완료
2025-09-11,11090,전화상담,user448c495@customer.io,상품문의,교환 원합니다,18:36 접수 선물용이 맞지 않아 후드티_90(11090). 사진 비교를 검토 부탁드립니다. 주문번호 OD-X8FGH.,권민재,진행중
2025-08-29,11090,이메일상담,user449x718@customer.io,배송문의,언제 받을까요,15:26 접수 도착 일정이 궁금하여 후드티_90(11090). 택배 수거가 가능한지 궁금합니다. 주문번호 OD-33Z0K.,권민재,대기
2025-08-24,11100,이메일상담,user450c991@customer.io,기타문의,재고/입고 문의,12:32 접수 제조국/보증 안내 요청 해당 주문. 교환 또는 재배송 절차를 안내해 주세요.,최유진,대기
2025-07-01,10001,이메일상담,user451x344@example.com,계정/서비스문의,비밀번호/정보 수정,20:41 접수 휴면 해제 후 문제 스트라이프티셔츠_free(10001). 지연 사유를 알려주세요.,임세진,진행중
2025-09-29,11090,1:1문의게시판,user452x937@mail.com,결제/환불문의,이중결제 의심,09:14 접수 결제 오류 확인 해당 주문. 회수 후 재배송 부탁드립니다.,오지민,진행중
2025-09-09,30001,1:1문의게시판,user453x510@shopper.net,기타문의,지퍼/수선 문의,09:18 접수 접수 방법을 알려주세요. 반다나_블랙(30001). 결제 내역 확인 부탁드립니다. 주문번호 OD-4DIQO.,조은별,진행중
2025-09-28,20002,챗봇문의,user454b645@mail.com,기타문의,불편 개선 제안,19:36 접수 건의사항 전달드립니다. 카고팬츠_m. 보증기간도 함께 안내 부탁드립니다.,오지민,완료
2025-07-09,11090,이메일상담,user455a821@customer.io,배송문의,교환 요청,17:35 접수 오배송 건 접수 후드티_90. 사진 비교를 검토 부탁드립니다.,이서연,진행중
2025-07-27,20001,자율게시판,user456y897@mail.com,결제/환불문의,환불 문의,10:32 접수 환불 처리 일정 확인 카고팬츠_s. 교환 또는 반품 안내 부탁드립니다. 주문번호 OD-K9G7G.,윤도현,진행중
2025-08-06,11090,1:1문의게시판,user457y462@example.com,배송문의,오배송 처리요청,재구매 건 교환 필요한 오배송 해당 주문. 무상 AS 가능 여부를 확인 부탁드립니다.,박지훈,대기
2025-09-07,11090,SNS 상담,user458y411@mail.com,기타문의,수선 가능 문의,15:23 접수 접수 방법을 알려주세요. 후드티_90(11090). 주문 상태 확인이 필요합니다.,한수진,대기
2025-09-09,30001,전화상담,user459b799@shopper.net,기타문의,소재/세탁 문의,10:25 접수 제조국/보증 안내 요청 해당 주문. 사진 비교를 검토 부탁드립니다. 주문번호 OD-R4QY0.,이서연,완료
2025-07-09,20003,이메일상담,user460y699@customer.io,상품문의,하자 발생 문의,20:17 접수 하자 확인 요청 해당 주문. 정확한 상품으로 다시 보내주세요.,유지호,완료
2025-08-14,11100,전화상담,user461z308@example.com,상품문의,사이즈 교환 문의,21:28 접수 사이즈가 안내와 달라 후드티_100. 출고 일정이 있다면 알려주세요.,장하늘,완료
2025-09-26,11110,챗봇문의,user462a488@shopper.net,배송문의,다른 상품 수령,10:49 접수 주문과 다른 물건 수령 후드티_110(11110). 건의사항 전달드립니다. 주문번호 OD-66HNC.,유지호,완료
2025-09-04,30002,전화상담,user463x473@example.com,상품문의,색상/디자인 문의,20:59 접수 디자인 배치 차이 해당 주문. 현재 위치와 도착 예정일 안내 부탁드립니다.,박지훈,진행중
2025-09-13,30002,이메일상담,user464c926@example.com,상품문의,색상/디자인 문의,11:34 접수 디자인 관련 문의 해당 주문. 교환 또는 점검이 필요합니다. 주문번호 OD-2638H.,임세진,완료
2025-08-24,30002,챗봇문의,user465x154@example.com,배송문의,언제 받을까요,20:45 접수 도착 일정이 궁금하여 해당 주문. 지연 사유와 대안 일정을 부탁드립니다. 주문번호 OD-OLVIT.,문정연,완료
2025-07-10,20002,자율게시판,user466c613@example.com,계정/서비스문의,회원 관련 문의,08:02 접수 휴면 해제 후 문제 카고팬츠_m(20002). 교환 가능하면 진행하고 싶습니다. 주문번호 OD-ICNRM.,정예원,완료
2025-09-09,20001,챗봇문의,user467c929@example.com,계정/서비스문의,접속 불편,12:02 접수 페이지 로딩 지연 카고팬츠_s(20001). 환불로 진행하려 합니다.,정예원,진행중
2025-08-06,11110,1:1문의게시판,user468a767@example.com,기타문의,서비스 건의,18:14 접수 내부 공유 부탁드립니다. 해당 주문. 조건을 충족했는데 반영되지 않았습니다.,조은별,완료
2025-07-09,20002,이메일상담,user469b219@customer.io,계정/서비스문의,계정/로그인 문제,09:47 접수 계정 관련 문의 해당 주문. 원인 확인과 조치를 부탁드립니다.,강태현,완료
2025-09-19,20001,전화상담,user470a120@shopper.net,결제/환불문의,결제 수단 문의,12:30 접수 이중결제 의심 카고팬츠_s. 건의사항 전달드립니다.,오지민,대기
2025-09-13,20003,전화상담,user471x906@customer.io,계정/서비스문의,사용법 문의,15:57 접수 접속 불편 지속 카고팬츠_L(20003). 지연 사유를 알려주세요. 주문번호 OD-S6UO5.,노유진,진행중
2025-08-23,30002,1:1문의게시판,user472y461@mail.com,배송문의,상자 파손 문의,19:41 접수 상자 파손으로 우려 반다나_레드. 파손 정도 확인 후 대응 부탁드립니다.,권민재,대기
2025-08-13,30001,1:1문의게시판,user473b581@customer.io,상품문의,색상/디자인 문의,18:02 접수 디자인 관련 문의 반다나_블랙. 지연 사유와 대안 일정을 부탁드립니다.,임세진,완료
2025-07-28,11110,전화상담,user474c150@mail.com,배송문의,교환 요청,8/3 주문 오배송 건 접수 후드티_110(11110). 내부 공유 부탁드립니다. 주문번호 OD-FZ1X1.,이서연,진행중
2025-08-10,11100,1:1문의게시판,user475a784@shopper.net,결제/환불문의,프로모션 문의,19:03 접수 프로모션 반영 안 됨 후드티_100. 배송 현황이 멈춰 있어 확인 바랍니다.,유지호,진행중
2025-07-21,30001,1:1문의게시판,user476x821@mail.com,계정/서비스문의,회원 관련 문의,13:42 접수 회원정보 저장 실패 반다나_블랙(30001). 사용자 경험 향상에 도움이 될 것 같습니다.,윤도현,완료
2025-09-23,11090,자율게시판,user477y669@mail.com,계정/서비스문의,사용법 문의,20:46 접수 접속 불편 지속 후드티_90(11090). 교환 가능하면 진행하고 싶습니다.,윤도현,완료
2025-09-25,20003,챗봇문의,user478b612@example.com,상품문의,색 차이 문의,14:31 접수 사진 대비 색상 오차 해당 주문. 설정 방법을 알려주시면 감사하겠습니다.,한수진,완료
2025-07-10,11100,챗봇문의,user479x637@example.com,배송문의,다른 상품 수령,14:09 접수 주문과 다른 물건 수령 후드티_100(11100). 절차와 소요 기간을 안내해 주세요. 주문번호 OD-ZPX36.,정민호,진행중
2025-07-19,11110,이메일상담,user480b712@mail.com,배송문의,배송 지연 문의,08:41 접수 도착 일정이 궁금하여 후드티_110(11110). 취소 및 정정 처리를 부탁드립니다. 주문번호 OD-0QZBR.,정예원,완료
2025-09-05,10001,챗봇문의,user481y675@example.com,결제/환불문의,쿠폰 오류,17:27 접수 프로모션 반영 안 됨 스트라이프티셔츠_free. 사용자 경험 향상에 도움이 될 것 같습니다. 주문번호 OD-2JOVV.,권민재,진행중
2025-08-17,10001,챗봇문의,user482b576@example.com,배송문의,언제 받을까요,09:01 접수 도착 일정이 궁금하여 스트라이프티셔츠_free(10001). 계정 보안 점검도 부탁드립니다. 주문번호 OD-LZVRQ.,배가은,완료
2025-08-09,20001,1:1문의게시판,user483b317@mail.com,상품문의,하자 발생 문의,15:06 접수 하자 확인 요청 카고팬츠_s(20001). 원인 확인과 조치를 부탁드립니다.,임세진,대기
2025-09-26,20001,챗봇문의,user484z396@mail.com,계정/서비스문의,사용법 문의,16:23 접수 사용법 안내 필요 카고팬츠_s. 보증기간도 함께 안내 부탁드립니다.,장하늘,대기
2025-07-26,11090,1:1문의게시판,user485b885@mail.com,계정/서비스문의,계정/로그인 문제,20:21 접수 계정 관련 문의 해당 주문. 색상별 입고 일정도 부탁드립니다. 주문번호 OD-IJVPG.,노유진,진행중
2025-09-02,20001,이메일상담,user486b136@customer.io,계정/서비스문의,사용법 문의,18:13 접수 앱 오류 반복 카고팬츠_s(20001). 지연 사유를 알려주세요. 주문번호 OD-YGMS9.,정예원,대기
2025-07-12,11100,자율게시판,user487y539@example.com,상품문의,변심 반품 문의,21:56 접수 스타일이 달라 환불 후드티_100(11100). 사진 첨부했고 빠른 교환 요청드립니다. 주문번호 OD-RHL9X.,박지훈,완료
2025-07-05,20001,자율게시판,user488a532@customer.io,배송문의,포장/파손 불만,14:36 접수 택배 포장 문제 카고팬츠_s(20001). 반품/교환 절차를 안내해 주세요.,권민재,완료
2025-07-31,20001,1:1문의게시판,user489b984@example.com,배송문의,언제 받을까요,11:28 접수 예상보다 배송이 늦어 해당 주문. 택배 수거가 가능한지 궁금합니다.,조은별,완료
2025-09-22,11110,이메일상담,user490b681@customer.io,결제/환불문의,결제 수단 문의,19:06 접수 이중결제 의심 후드티_110. 반품 없이 교환 가능할까요? 주문번호 OD-L572G.,한수진,완료
2025-07-16,30001,챗봇문의,user491b516@example.com,계정/서비스문의,접속 불편,20:39 접수 페이지 로딩 지연 반다나_블랙. 택배 수거가 가능한지 궁금합니다. 주문번호 OD-TQS61.,이서연,진행중
2025-09-24,20001,자율게시판,user492x572@customer.io,계정/서비스문의,접속 불편,14:12 접수 접속 불편 지속 카고팬츠_s(20001). 설정 방법을 알려주시면 감사하겠습니다. 주문번호 OD-5BK8S.,신예린,완료
2025-09-05,11100,이메일상담,user493z430@customer.io,결제/환불문의,결제 오류,15:12 접수 결제 오류 확인 해당 주문. 제품 손상 가능성이 있어 조치 부탁드립니다.,장하늘,완료
2025-08-07,11100,SNS 상담,user494y327@customer.io,결제/환불문의,할인 미적용,16:56 접수 프로모션 반영 안 됨 후드티_100. 내부 공유 부탁드립니다. 주문번호 OD-OYV6P.,박지훈,완료
2025-07-08,20003,이메일상담,user495z626@mail.com,결제/환불문의,할인 미적용,14:34 접수 쿠폰 사용 오류 카고팬츠_L. 결제 내역 확인 부탁드립니다. 주문번호 OD-X6NTE.,노유진,완료
2025-07-14,20002,이메일상담,user496b756@mail.com,상품문의,색 차이 문의,12:10 접수 디자인 관련 문의 해당 주문. 반품/교환 절차를 안내해 주세요. 주문번호 OD-WHUF1.,문정연,대기
2025-07-20,11090,전화상담,user497b804@shopper.net,상품문의,사이즈 교환 문의,14:24 접수 치수 차이로 교환 후드티_90. AS가 적절한지 판단 부탁드립니다. 주문번호 OD-8XZKW.,오지민,진행중
2025-07-18,20001,챗봇문의,user498z980@mail.com,계정/서비스문의,접속 불편,12:51 접수 페이지 로딩 지연 해당 주문. 보증기간도 함께 안내 부탁드립니다. 주문번호 OD-JYTYF.,윤도현,진행중
2025-07-28,11090,이메일상담,user499y672@shopper.net,결제/환불문의,할인 미적용,21:59 접수 할인 혜택 미적용 해당 주문. 절차와 비용을 안내해 주세요.,김민수,대기
